rows	workload	order	milliseconds
256000	join-sparse	sorted	0.6473036287388823
256000	join-sparse	both-shuffled	0.6776799314138771
256000	join-skewed	sorted	0.22339868155540898
256000	join-skewed	both-shuffled	0.2353026733317165
256000	semi-sparse	sorted	0.688011068632477
256000	semi-sparse	both-shuffled	0.8452985839539906
256000	anti-sparse	sorted	0.8939151193771977
256000	anti-sparse	both-shuffled	1.0131043281944585
1000000	join-sparse	sorted	3.7128408202988794
1000000	join-sparse	both-shuffled	3.7624563738063443
1000000	join-skewed	sorted	0.35356945795683714
1000000	join-skewed	both-shuffled	0.43265246563350956
1000000	semi-sparse	sorted	4.2751686269184574
1000000	semi-sparse	both-shuffled	4.475341142097022
1000000	anti-sparse	sorted	4.991057940060273
1000000	anti-sparse	both-shuffled	5.176986982405651
4000000	join-sparse	sorted	13.990001309139188
4000000	join-sparse	both-shuffled	14.005856777657755
4000000	join-skewed	sorted	0.6778290212423599
4000000	join-skewed	both-shuffled	0.9910714488796657
4000000	semi-sparse	sorted	14.766632819373626
4000000	semi-sparse	both-shuffled	15.318041681894101
4000000	anti-sparse	sorted	17.33089843764901
4000000	anti-sparse	both-shuffled	17.516799445729703
