rows,order,endpoint,sample,loops,milliseconds_per_operation
1000000,sorted,deep-materialized,1,8,50.8527499914635
1000000,sorted,deep-materialized,2,8,51.837677019648254
1000000,sorted,deep-materialized,3,8,52.74322387413122
1000000,sorted,deep-materialized,4,8,54.363057250157
1000000,sorted,deep-materialized,5,8,52.20478124101646
1000000,sorted,deep-materialized,6,8,52.17255724710412
1000000,sorted,deep-materialized,7,8,51.347953121876344
1000000,sorted,matched-consumption,1,8,53.361124999355525
1000000,sorted,matched-consumption,2,8,52.33786450116895
1000000,sorted,matched-consumption,3,8,53.05710411630571
1000000,sorted,matched-consumption,4,8,51.44194274907932
1000000,sorted,matched-consumption,5,8,51.65176049922593
1000000,sorted,matched-consumption,6,8,53.62350001814775
1000000,sorted,matched-consumption,7,8,52.76732300990261
1000000,right-shuffled,deep-materialized,1,4,69.67596878530458
1000000,right-shuffled,deep-materialized,2,4,67.74763547582552
1000000,right-shuffled,deep-materialized,3,4,71.75805227598175
1000000,right-shuffled,deep-materialized,4,4,74.6484687551856
1000000,right-shuffled,deep-materialized,5,4,70.48349996330217
1000000,right-shuffled,deep-materialized,6,4,75.10953122982755
1000000,right-shuffled,deep-materialized,7,4,82.48495822772384
1000000,right-shuffled,matched-consumption,1,4,71.9919687253423
1000000,right-shuffled,matched-consumption,2,4,69.46618750225753
1000000,right-shuffled,matched-consumption,3,4,69.6002395125106
1000000,right-shuffled,matched-consumption,4,4,73.98336450569332
1000000,right-shuffled,matched-consumption,5,4,68.88062495272607
1000000,right-shuffled,matched-consumption,6,4,76.32776023820043
1000000,right-shuffled,matched-consumption,7,4,68.79710429348052
1000000,both-shuffled,deep-materialized,1,4,64.99696878017858
1000000,both-shuffled,deep-materialized,2,4,63.423228973988444
1000000,both-shuffled,deep-materialized,3,4,65.48661447595805
1000000,both-shuffled,deep-materialized,4,4,66.27364578889683
1000000,both-shuffled,deep-materialized,5,4,66.91652070730925
1000000,both-shuffled,deep-materialized,6,4,69.25222923746333
1000000,both-shuffled,deep-materialized,7,4,70.13068749802187
1000000,both-shuffled,matched-consumption,1,4,67.16523948125541
1000000,both-shuffled,matched-consumption,2,4,69.46705200243741
1000000,both-shuffled,matched-consumption,3,4,67.682427004911
1000000,both-shuffled,matched-consumption,4,4,67.79678125167266
1000000,both-shuffled,matched-consumption,5,4,70.5351042561233
1000000,both-shuffled,matched-consumption,6,4,74.69391677295789
1000000,both-shuffled,matched-consumption,7,4,71.0387394647114
4000000,sorted,deep-materialized,1,1,277.57270890288055
4000000,sorted,deep-materialized,2,1,263.8510409742594
4000000,sorted,deep-materialized,3,1,270.9899169858545
4000000,sorted,deep-materialized,4,1,276.9823749549687
4000000,sorted,deep-materialized,5,1,324.0808330010623
4000000,sorted,deep-materialized,6,1,312.9536248743534
4000000,sorted,deep-materialized,7,1,277.59058284573257
4000000,sorted,matched-consumption,1,1,318.90866602770984
4000000,sorted,matched-consumption,2,1,271.2869169190526
4000000,sorted,matched-consumption,3,1,292.4407080281526
4000000,sorted,matched-consumption,4,1,328.20324995554984
4000000,sorted,matched-consumption,5,1,363.6528339702636
4000000,sorted,matched-consumption,6,1,303.3094999846071
4000000,sorted,matched-consumption,7,1,292.9862500168383
4000000,right-shuffled,deep-materialized,1,1,341.9037500862032
4000000,right-shuffled,deep-materialized,2,1,353.20474999025464
4000000,right-shuffled,deep-materialized,3,1,359.661583090201
4000000,right-shuffled,deep-materialized,4,1,357.25845815613866
4000000,right-shuffled,deep-materialized,5,1,349.9759170226753
4000000,right-shuffled,deep-materialized,6,1,372.22245801240206
4000000,right-shuffled,deep-materialized,7,1,344.82795814983547
4000000,right-shuffled,matched-consumption,1,1,356.01329104974866
4000000,right-shuffled,matched-consumption,2,1,399.0617080125958
4000000,right-shuffled,matched-consumption,3,1,367.30424989946187
4000000,right-shuffled,matched-consumption,4,1,365.624874830246
4000000,right-shuffled,matched-consumption,5,1,372.96229181811213
4000000,right-shuffled,matched-consumption,6,1,405.0218330230564
4000000,right-shuffled,matched-consumption,7,1,377.44170892983675
4000000,both-shuffled,deep-materialized,1,1,359.173292061314
4000000,both-shuffled,deep-materialized,2,1,358.43183286488056
4000000,both-shuffled,deep-materialized,3,1,355.49566708505154
4000000,both-shuffled,deep-materialized,4,1,380.65370894037187
4000000,both-shuffled,deep-materialized,5,1,381.9544999860227
4000000,both-shuffled,deep-materialized,6,1,366.018750006333
4000000,both-shuffled,deep-materialized,7,1,358.62812492996454
4000000,both-shuffled,matched-consumption,1,1,363.02429204806685
4000000,both-shuffled,matched-consumption,2,1,374.8171248007566
4000000,both-shuffled,matched-consumption,3,1,363.93266706727445
4000000,both-shuffled,matched-consumption,4,1,383.5696252062917
4000000,both-shuffled,matched-consumption,5,1,371.31033395417035
4000000,both-shuffled,matched-consumption,6,1,381.4429580233991
4000000,both-shuffled,matched-consumption,7,1,358.0410839058459
