rows	order	endpoint	milliseconds	minimum_ms	maximum_ms
1000000	sorted	deep-materialized	41.66694275045302	39.969572999325464	42.51228125031048
1000000	sorted	matched-consumption	41.51049999927636	40.11373950015695	45.45950525061926
1000000	right-shuffled	deep-materialized	56.207781250122935	55.49051562411478	58.78423437388847
1000000	right-shuffled	matched-consumption	59.103156248966116	56.93251037519076	63.075531250433414
1000000	both-shuffled	deep-materialized	55.842682249931386	55.22525000014866	57.212182375224074
1000000	both-shuffled	matched-consumption	56.54285424861882	56.016025999269914	58.35540112639137
4000000	sorted	deep-materialized	202.4749789998168	196.8253124941839	217.2415210006875
4000000	sorted	matched-consumption	211.844312500034	206.07929149991833	221.18627099553123
4000000	right-shuffled	deep-materialized	281.55912499642	277.70458300074097	330.13024998945184
4000000	right-shuffled	matched-consumption	286.2663340056315	281.299249996664	323.5254590108525
4000000	both-shuffled	deep-materialized	282.77041600085795	277.38062500429805	320.16337499953806
4000000	both-shuffled	matched-consumption	284.80741700332146	282.57320799457375	309.2850420071045
