workload	stage	median_milliseconds	median_fraction_percent
antiJoinSparse	build	1.160125	4.116
antiJoinSparse	checksum	7.959750	28.603
antiJoinSparse	decode	0.737041	2.637
antiJoinSparse	materialize	0.040583	0.146
antiJoinSparse	probe	18.015708	64.641
joinOneToMany	build	14.890500	25.897
joinOneToMany	checksum	25.410750	44.220
joinOneToMany	decode	0.593041	1.013
joinOneToMany	materialize	0.062833	0.108
joinOneToMany	probe	16.381250	28.466
joinOneToOne	build	17.906500	26.871
joinOneToOne	checksum	25.815834	38.712
joinOneToOne	decode	1.043208	1.550
joinOneToOne	materialize	0.063666	0.091
joinOneToOne	probe	21.875583	32.923
joinSkewed	build	0.009167	0.292
joinSkewed	checksum	0.031875	1.016
joinSkewed	decode	0.254583	8.594
joinSkewed	materialize	0.011084	0.374
joinSkewed	probe	2.644208	88.899
joinSparse	build	1.208000	5.709
joinSparse	checksum	2.583125	12.083
joinSparse	decode	0.723417	3.402
joinSparse	materialize	0.046917	0.216
joinSparse	probe	16.777542	78.741
semiJoinSparse	build	0.979333	5.287
semiJoinSparse	checksum	0.911334	4.901
semiJoinSparse	decode	0.342000	1.835
semiJoinSparse	materialize	0.038292	0.203
semiJoinSparse	probe	16.216666	87.776
