benchmark,ranked,loops_per_sample,samples,median_ms,min_ms,max_ms,frame4s_ms,frame4s_benchmark,frame4s_consumption,frame4s_over_polars
primitiveMaterializedProjection,false,8192,9,0.0067352600012782204,0.0066513927095002146,0.006812210102680183,,,,
fusedFilterProjectArithmetic,true,2048,9,0.2448171997002646,0.2359809975587268,0.25076776125843026,,,,
groupedLowCardinalitySumOnly,true,256,9,1.7240218121514772,1.697374347713776,1.7936329768417636,,,,
groupedLowCardinality,true,64,9,5.646744797559222,5.506992845766945,6.302889985818183,,,,
joinOneToOne,true,32,9,9.183658847177867,8.649464842164889,9.544044281938113,29.902491156862745,joinOneToOneExecutionOnly,detached-result-construction,3.2560542213577284
joinOneToMany,true,32,9,8.59708333882736,8.088345064606983,8.964011722127907,30.603941995588237,joinOneToManyExecutionOnly,detached-result-construction,3.5598052024656313
joinSparse,true,64,9,4.0578079388069455,4.019145828351611,4.418134110892424,15.635403584481793,joinSparseExecutionOnly,detached-result-construction,3.8531650142807963
joinSkewed,true,512,9,0.496824381116312,0.47769156844879035,0.5266270350148261,2.077880381196084,joinSkewedExecutionOnly,detached-result-construction,4.182323694596682
distinctLowCardinality,true,64,9,3.849876295134891,3.7804837193107232,4.863236987148412,,,,
semiJoinSparse,true,64,9,4.566861982311821,4.483654298383044,6.704446623189142,16.496913731747835,semiJoinSparseExecutionOnly,detached-result-construction,3.6123083630823514
antiJoinSparse,true,64,9,5.270776047836989,5.037600905779982,6.071537110983627,17.53084796086002,antiJoinSparseExecutionOnly,detached-result-construction,3.326046829110543
unionAll,true,8192,9,0.02753842665015327,0.025634836902099778,0.038792460088643566,,,,
