rows	workload	temperature	stage	median_milliseconds
4000000	aligned-unique	cold	decode	31.761250
4000000	aligned-unique	cold	detect-sorted	62.477250
4000000	aligned-unique	cold	materialize	6.559292
4000000	aligned-unique	cold	merge-probe	86.134708
4000000	aligned-unique	warm	decode	15.881584
4000000	aligned-unique	warm	detect-sorted	30.319375
4000000	aligned-unique	warm	materialize	0.070625
4000000	aligned-unique	warm	merge-probe	30.960208
4000000	disjoint-sorted	cold	decode	4.856791
4000000	disjoint-sorted	cold	detect-sorted	19.676542
4000000	disjoint-sorted	cold	materialize	0.056125
4000000	disjoint-sorted	cold	merge-probe	20.494667
4000000	disjoint-sorted	warm	decode	13.153625
4000000	disjoint-sorted	warm	detect-sorted	31.582542
4000000	disjoint-sorted	warm	materialize	0.072041
4000000	disjoint-sorted	warm	merge-probe	29.673375
4000000	fully-shuffled	cold	build	400.471167
4000000	fully-shuffled	cold	decode	3.531000
4000000	fully-shuffled	cold	detect-sorted	0.050125
4000000	fully-shuffled	cold	materialize	0.105666
4000000	fully-shuffled	cold	parallel-probe	49.491167
4000000	fully-shuffled	warm	build	207.839625
4000000	fully-shuffled	warm	decode	24.204375
4000000	fully-shuffled	warm	detect-sorted	0.028125
4000000	fully-shuffled	warm	materialize	0.128542
4000000	fully-shuffled	warm	parallel-probe	24.498625
4000000	interleaved-gaps	cold	decode	9.208708
4000000	interleaved-gaps	cold	detect-sorted	30.562417
4000000	interleaved-gaps	cold	materialize	0.073625
4000000	interleaved-gaps	cold	merge-probe	104.657708
4000000	interleaved-gaps	warm	decode	20.775458
4000000	interleaved-gaps	warm	detect-sorted	25.389709
4000000	interleaved-gaps	warm	materialize	0.114083
4000000	interleaved-gaps	warm	merge-probe	47.320041
4000000	late-inversion	cold	build	237.600000
4000000	late-inversion	cold	decode	17.558000
4000000	late-inversion	cold	detect-sorted	14.795708
4000000	late-inversion	cold	materialize	0.093166
4000000	late-inversion	cold	parallel-probe	85.984917
4000000	late-inversion	warm	build	322.557959
4000000	late-inversion	warm	decode	20.339625
4000000	late-inversion	warm	detect-sorted	33.338666
4000000	late-inversion	warm	materialize	0.082208
4000000	late-inversion	warm	parallel-probe	43.018125
4000000	multibatch-sorted	cold	decode	4.795917
4000000	multibatch-sorted	cold	detect-sorted	40.080417
4000000	multibatch-sorted	cold	materialize	0.068083
4000000	multibatch-sorted	cold	merge-probe	145.850291
4000000	multibatch-sorted	warm	decode	35.954334
4000000	multibatch-sorted	warm	detect-sorted	22.468041
4000000	multibatch-sorted	warm	materialize	0.074000
4000000	multibatch-sorted	warm	merge-probe	46.160500
4000000	nullable-key	cold	build	245.910292
4000000	nullable-key	cold	decode	4.368334
4000000	nullable-key	cold	detect-sorted	29.157000
4000000	nullable-key	cold	materialize	0.499166
4000000	nullable-key	cold	parallel-probe	229.516083
4000000	nullable-key	warm	build	174.486000
4000000	nullable-key	warm	decode	6.078583
4000000	nullable-key	warm	detect-sorted	7.805709
4000000	nullable-key	warm	materialize	0.163667
4000000	nullable-key	warm	parallel-probe	44.685250
4000000	offset-unique	cold	decode	62.657750
4000000	offset-unique	cold	detect-sorted	18.213208
4000000	offset-unique	cold	materialize	0.082000
4000000	offset-unique	cold	merge-probe	43.188167
4000000	offset-unique	warm	decode	3.100667
4000000	offset-unique	warm	detect-sorted	20.648375
4000000	offset-unique	warm	materialize	0.069000
4000000	offset-unique	warm	merge-probe	36.298542
4000000	sparse-sorted	cold	decode	1.879083
4000000	sparse-sorted	cold	detect-sorted	18.547584
4000000	sparse-sorted	cold	materialize	0.060375
4000000	sparse-sorted	cold	merge-probe	20.972875
4000000	sparse-sorted	warm	decode	1.834125
4000000	sparse-sorted	warm	detect-sorted	11.263917
4000000	sparse-sorted	warm	materialize	0.069417
4000000	sparse-sorted	warm	merge-probe	35.540417
