workload	path	milliseconds	allocation_bytes
antiJoinSparse	consumed-checksum	30.979634888	24353757.636
antiJoinSparse	execution-only	19.445542953	24353032.224
joinOneToMany	consumed-checksum	162.289123427	69177501.600
joinOneToMany	execution-only	36.667629033	69173931.013
joinOneToOne	consumed-checksum	75.783917560	65175710.514
joinOneToOne	execution-only	42.846211796	65174247.747
joinSkewed	consumed-checksum	2.948379348	12063167.676
joinSkewed	execution-only	3.035146309	12062897.561
joinSparse	consumed-checksum	24.101736770	17953564.773
joinSparse	execution-only	25.411546846	17953812.517
semiJoinSparse	consumed-checksum	31.057741372	17153574.100
semiJoinSparse	execution-only	17.284333349	17152948.414
