rows,order,sample,loops,milliseconds_per_operation
1000,sorted,1,2048,0.20370658353385807
1000,sorted,2,2048,0.21201369190748665
1000,sorted,3,2048,0.2171439003859632
1000,sorted,4,2048,0.27131056742746296
1000,sorted,5,2048,0.2518154296922148
1000,sorted,6,2048,0.3201142988018546
1000,sorted,7,2048,0.33494087745111756
1000,sorted,8,2048,0.21381327303515718
1000,sorted,9,2048,0.3302278643104728
1000,right-shuffled,1,1024,0.2774602460249298
1000,right-shuffled,2,1024,0.22026314263712266
1000,right-shuffled,3,1024,0.22157511330078705
1000,right-shuffled,4,1024,0.2371478271925298
1000,right-shuffled,5,1024,0.37220646095192933
1000,right-shuffled,6,1024,0.4975969238785183
1000,right-shuffled,7,1024,0.24178401758945256
1000,right-shuffled,8,1024,0.24577705949013762
1000,right-shuffled,9,1024,0.2606996249596705
1000,both-shuffled,1,2048,0.6310841880576845
1000,both-shuffled,2,2048,0.35874043749117845
1000,both-shuffled,3,2048,0.2299472656659418
1000,both-shuffled,4,2048,0.23870029735917342
1000,both-shuffled,5,2048,0.22699753810684342
1000,both-shuffled,6,2048,0.23765173341416812
1000,both-shuffled,7,2048,0.20425506590981968
1000,both-shuffled,8,2048,0.22045882178645115
1000,both-shuffled,9,2048,0.2098486328350191
4000,sorted,1,1024,0.26448168955539586
4000,sorted,2,1024,0.44296809869592835
4000,sorted,3,1024,0.3093378904850397
4000,sorted,4,1024,0.29136287412256934
4000,sorted,5,1024,0.26648327639122726
4000,sorted,6,1024,0.3100509031810361
4000,sorted,7,1024,0.2617135421587591
4000,sorted,8,1024,0.25656306934251916
4000,sorted,9,1024,0.2557727450493985
4000,right-shuffled,1,1024,0.2606958819342253
4000,right-shuffled,2,1024,0.2612323808079964
4000,right-shuffled,3,1024,0.2552606201788876
4000,right-shuffled,4,1024,0.2531879881644272
4000,right-shuffled,5,1024,0.26023767100014084
4000,right-shuffled,6,1024,0.25856302841020806
4000,right-shuffled,7,1024,0.2582534580142237
4000,right-shuffled,8,1024,0.25806486019064323
4000,right-shuffled,9,1024,0.26505745427130023
4000,both-shuffled,1,1024,0.26264249709129217
4000,both-shuffled,2,1024,0.2639779052060476
4000,both-shuffled,3,1024,0.3266914472987992
4000,both-shuffled,4,1024,0.2657474774423463
4000,both-shuffled,5,1024,0.2594240311282192
4000,both-shuffled,6,1024,0.2560017089763278
4000,both-shuffled,7,1024,0.3206234530352958
4000,both-shuffled,8,1024,0.26836238589567074
4000,both-shuffled,9,1024,0.2782809247037221
16000,sorted,1,1024,0.3832837314803328
16000,sorted,2,1024,0.3804121092798596
16000,sorted,3,1024,0.3532475996053108
16000,sorted,4,1024,0.34896927923000476
16000,sorted,5,1024,0.3673983965200023
16000,sorted,6,1024,0.38404577639994386
16000,sorted,7,1024,0.4669498291605123
16000,sorted,8,1024,0.40601920613880793
16000,sorted,9,1024,0.425131347583374
16000,right-shuffled,1,1024,0.48152229783227085
16000,right-shuffled,2,1024,0.3692497559768526
16000,right-shuffled,3,1024,0.3895070390171895
16000,right-shuffled,4,1024,0.4174480791334645
16000,right-shuffled,5,1024,0.4135618896725646
16000,right-shuffled,6,1024,0.3622813719630358
16000,right-shuffled,7,1024,0.36569295230037824
16000,right-shuffled,8,1024,0.36780782124878897
16000,right-shuffled,9,1024,0.3583487959986087
16000,both-shuffled,1,1024,0.40283117687067715
16000,both-shuffled,2,1024,0.3413120116420032
16000,both-shuffled,3,1024,0.3575782061489008
16000,both-shuffled,4,1024,0.38224841296141676
16000,both-shuffled,5,1024,0.35921997073273815
16000,both-shuffled,6,1024,0.36463773631112417
16000,both-shuffled,7,1024,0.3535519208526239
16000,both-shuffled,8,1024,0.3521015623846324
16000,both-shuffled,9,1024,0.35289803008708986
64000,sorted,1,512,0.7938678400023491
64000,sorted,2,512,0.8023349610084551
64000,sorted,3,512,0.8349906424882647
64000,sorted,4,512,0.8444178070021735
64000,sorted,5,512,1.0056062010335154
64000,sorted,6,512,1.1681035975925624
64000,sorted,7,512,1.5110776366782375
64000,sorted,8,512,1.3124953616170387
64000,sorted,9,512,1.5731343573861523
64000,right-shuffled,1,256,1.4388916015377617
64000,right-shuffled,2,256,1.071667968062684
64000,right-shuffled,3,256,2.3594850272274925
64000,right-shuffled,4,256,1.8382485350230127
64000,right-shuffled,5,256,1.3240813786978833
64000,right-shuffled,6,256,1.0792104494612431
64000,right-shuffled,7,256,0.9546336286803125
64000,right-shuffled,8,256,1.0295926085746032
64000,right-shuffled,9,256,1.0824321288964711
64000,both-shuffled,1,256,1.7619796562939882
64000,both-shuffled,2,256,1.1880310858032317
64000,both-shuffled,3,256,0.8395792656301637
64000,both-shuffled,4,256,1.3021282575209625
64000,both-shuffled,5,256,1.517462562333094
64000,both-shuffled,6,256,1.3608787467092043
64000,both-shuffled,7,256,1.2307893912293366
64000,both-shuffled,8,256,2.1865934222660144
64000,both-shuffled,9,256,2.630176105412829
256000,sorted,1,128,2.564638672993169
256000,sorted,2,128,2.294351890668622
256000,sorted,3,128,2.8758238986483775
256000,sorted,4,128,2.7482340556161944
256000,sorted,5,128,3.8370491565729026
256000,sorted,6,128,4.906459633275517
256000,sorted,7,128,5.940157876466401
256000,sorted,8,128,2.9910790999565506
256000,sorted,9,128,2.6123264997295337
256000,right-shuffled,1,64,2.7755195333156735
256000,right-shuffled,2,64,2.7373847660783213
256000,right-shuffled,3,64,3.7525273437495343
256000,right-shuffled,4,64,2.9010286380071193
256000,right-shuffled,5,64,3.2362278616346885
256000,right-shuffled,6,64,2.885100264393259
256000,right-shuffled,7,64,3.1144648455665447
256000,right-shuffled,8,64,2.9587493409053423
256000,right-shuffled,9,64,3.1087285169633105
256000,both-shuffled,1,64,3.9486282657890115
256000,both-shuffled,2,64,3.1160227808868513
256000,both-shuffled,3,64,2.97762824993697
256000,both-shuffled,4,64,2.417274077743059
256000,both-shuffled,5,64,2.4740494845900685
256000,both-shuffled,6,64,2.416547529719537
256000,both-shuffled,7,64,2.655462893017102
256000,both-shuffled,8,64,2.9264023432915565
256000,both-shuffled,9,64,3.122163405350875
1000000,sorted,1,32,10.046540344774257
1000000,sorted,2,32,8.25107291166205
1000000,sorted,3,32,8.631680997496005
1000000,sorted,4,32,9.129696598392911
1000000,sorted,5,32,8.3959114344907
1000000,sorted,6,32,9.260936189093627
1000000,sorted,7,32,9.345731778012123
1000000,sorted,8,32,9.459818997129332
1000000,sorted,9,32,9.991283841372933
1000000,right-shuffled,1,32,8.934399716963526
1000000,right-shuffled,2,32,9.317593750893138
1000000,right-shuffled,3,32,8.959208309534006
1000000,right-shuffled,4,32,9.509598967269994
1000000,right-shuffled,5,32,9.217802064085845
1000000,right-shuffled,6,32,9.949735685950145
1000000,right-shuffled,7,32,9.878802062303293
1000000,right-shuffled,8,32,9.78472393762786
1000000,right-shuffled,9,32,9.946667967597023
1000000,both-shuffled,1,32,9.193921876430977
1000000,both-shuffled,2,32,9.574684874678496
1000000,both-shuffled,3,32,9.358962248370517
1000000,both-shuffled,4,32,10.885582029004581
1000000,both-shuffled,5,32,10.343317713704892
1000000,both-shuffled,6,32,12.916095067339484
1000000,both-shuffled,7,32,9.822923188039567
1000000,both-shuffled,8,32,13.08079034788534
1000000,both-shuffled,9,32,12.715893244603649
4000000,sorted,1,4,62.32280225958675
4000000,sorted,2,4,92.03844802686945
4000000,sorted,3,4,63.69936448754743
4000000,sorted,4,4,64.31144801899791
4000000,sorted,5,4,63.79818747518584
4000000,sorted,6,4,63.694999960716814
4000000,sorted,7,4,58.139510510955006
4000000,sorted,8,4,54.54430199461058
4000000,sorted,9,4,58.49007278447971
4000000,right-shuffled,1,8,59.773624991066754
4000000,right-shuffled,2,8,58.566963620251045
4000000,right-shuffled,3,8,61.32325512589887
4000000,right-shuffled,4,8,59.70264063216746
4000000,right-shuffled,5,8,58.79270823788829
4000000,right-shuffled,6,8,59.239849011646584
4000000,right-shuffled,7,8,59.670432267012075
4000000,right-shuffled,8,8,59.46093224338256
4000000,right-shuffled,9,8,59.445109392981976
4000000,both-shuffled,1,8,57.51746875466779
4000000,both-shuffled,2,8,54.69809376518242
4000000,both-shuffled,3,8,55.87405725964345
4000000,both-shuffled,4,8,56.32740625878796
4000000,both-shuffled,5,8,58.29486975562759
4000000,both-shuffled,6,8,57.33489588601515
4000000,both-shuffled,7,8,59.189499996136874
4000000,both-shuffled,8,8,54.21983325504698
4000000,both-shuffled,9,8,54.58000526414253
