rows	order	endpoint	milliseconds	allocation_bytes
1000000	both-shuffled	deep-materialized	40.201335262	73418802.954
1000000	both-shuffled	gather-view	9.766879043	48816095.879
1000000	both-shuffled	matched-consumption	62.536429622	73432844.444
1000000	both-shuffled	prepare	0.001345717	13704.056
1000000	right-shuffled	deep-materialized	40.000124969	73418552.000
1000000	right-shuffled	gather-view	9.686661378	48816098.311
1000000	right-shuffled	matched-consumption	64.065376736	73436207.222
1000000	right-shuffled	prepare	0.001378568	13752.056
1000000	sorted	deep-materialized	12.749497500	56534515.880
1000000	sorted	gather-view	9.833851357	32008047.684
1000000	sorted	matched-consumption	36.100004088	56535327.703
1000000	sorted	prepare	0.001326229	13336.055
4000000	both-shuffled	deep-materialized	312.245937400	293351868.800
4000000	both-shuffled	gather-view	63.538449053	195163803.200
4000000	both-shuffled	matched-consumption	392.297770800	293350314.400
4000000	both-shuffled	prepare	0.001465539	13704.057
4000000	right-shuffled	deep-materialized	287.802970800	293351898.400
4000000	right-shuffled	gather-view	62.585180533	195163218.133
4000000	right-shuffled	matched-consumption	363.429195700	293350358.400
4000000	right-shuffled	prepare	0.001336620	13752.055
4000000	sorted	deep-materialized	58.565561111	194037633.600
4000000	sorted	gather-view	47.764414382	96010544.291
4000000	sorted	matched-consumption	150.923131250	194040554.000
4000000	sorted	prepare	0.001361115	13336.056
