rows	workload	order	milliseconds	allocation_bytes
256000	anti-sparse	both-shuffled	3.357102581	4933718.943
256000	anti-sparse	sorted	3.289329275	4933709.163
256000	join-skewed	both-shuffled	0.325992504	3124572.126
256000	join-skewed	sorted	0.360326182	3124654.520
256000	join-sparse	both-shuffled	3.481904371	4114646.235
256000	join-sparse	sorted	3.333716938	4114604.479
256000	semi-sparse	both-shuffled	3.314805907	4012126.702
256000	semi-sparse	sorted	3.372646088	4012086.462
1000000	anti-sparse	both-shuffled	14.289711913	19304503.034
1000000	anti-sparse	sorted	13.359786490	19304399.090
1000000	join-skewed	both-shuffled	2.143378560	12054762.827
1000000	join-skewed	sorted	1.269404594	12053542.443
1000000	join-sparse	both-shuffled	15.259083960	16104615.198
1000000	join-sparse	sorted	13.182225017	16104510.252
1000000	semi-sparse	both-shuffled	14.621738392	15704489.221
1000000	semi-sparse	sorted	12.974204466	15704362.966
4000000	anti-sparse	both-shuffled	65.686967459	77198388.083
4000000	anti-sparse	sorted	58.957156075	77198049.040
4000000	join-skewed	both-shuffled	7.481219640	48055598.635
4000000	join-skewed	sorted	6.195172974	48055565.764
4000000	join-sparse	both-shuffled	60.859017556	64398405.867
4000000	join-sparse	sorted	58.759527376	64398675.964
4000000	semi-sparse	both-shuffled	59.308789800	62798302.400
4000000	semi-sparse	sorted	58.482620881	62798577.760
