rows,workload,order,sample,loops,milliseconds_per_operation
256000,join-sparse,sorted,1,128,3.3059612651413772
256000,join-sparse,sorted,2,128,3.3447125624661567
256000,join-sparse,sorted,3,128,3.200599281626637
256000,join-sparse,sorted,4,128,3.2845442729012575
256000,join-sparse,sorted,5,128,3.2383232428401243
256000,join-sparse,sorted,6,128,3.2120286487042904
256000,join-sparse,sorted,7,128,3.2277203754347283
256000,join-sparse,sorted,8,128,3.2201175090449397
256000,join-sparse,sorted,9,128,3.3233372414542828
256000,join-sparse,both-shuffled,1,128,3.3362685553584015
256000,join-sparse,both-shuffled,2,128,3.3400895226805005
256000,join-sparse,both-shuffled,3,128,3.3486331412859727
256000,join-sparse,both-shuffled,4,128,3.4070641249854816
256000,join-sparse,both-shuffled,5,128,3.3214602881344035
256000,join-sparse,both-shuffled,6,128,3.4064485698763747
256000,join-sparse,both-shuffled,7,128,3.704130531332339
256000,join-sparse,both-shuffled,8,128,4.174165687800269
256000,join-sparse,both-shuffled,9,128,3.6508951870928286
256000,join-skewed,sorted,1,512,0.6119309900896042
256000,join-skewed,sorted,2,512,0.5256270351310377
256000,join-skewed,sorted,3,512,0.6171302088660013
256000,join-skewed,sorted,4,512,0.5999708650961111
256000,join-skewed,sorted,5,512,0.8260170079665841
256000,join-skewed,sorted,6,512,0.783329915975628
256000,join-skewed,sorted,7,512,0.5444773769340827
256000,join-skewed,sorted,8,512,0.48890771495280205
256000,join-skewed,sorted,9,512,0.9226739080077095
256000,join-skewed,both-shuffled,1,512,0.5525599785869417
256000,join-skewed,both-shuffled,2,512,0.44302775222604396
256000,join-skewed,both-shuffled,3,512,0.7521254883613437
256000,join-skewed,both-shuffled,4,512,0.46558903113691485
256000,join-skewed,both-shuffled,5,512,0.5645633946187445
256000,join-skewed,both-shuffled,6,512,0.6145364591247926
256000,join-skewed,both-shuffled,7,512,0.4908432615593483
256000,join-skewed,both-shuffled,8,512,0.6679034027001762
256000,join-skewed,both-shuffled,9,512,0.4919204102407093
256000,semi-sparse,sorted,1,128,4.237366210873006
256000,semi-sparse,sorted,2,128,4.039152343466412
256000,semi-sparse,sorted,3,128,3.8563245398108847
256000,semi-sparse,sorted,4,128,4.29905273449549
256000,semi-sparse,sorted,5,128,3.9579990225320216
256000,semi-sparse,sorted,6,128,3.8291829459922155
256000,semi-sparse,sorted,7,128,4.297378907722305
256000,semi-sparse,sorted,8,128,3.5104973903798964
256000,semi-sparse,sorted,9,128,3.2601201164652593
256000,semi-sparse,both-shuffled,1,128,3.546293624822283
256000,semi-sparse,both-shuffled,2,128,3.450404952673125
256000,semi-sparse,both-shuffled,3,128,3.528778319378034
256000,semi-sparse,both-shuffled,4,128,3.4948837892443407
256000,semi-sparse,both-shuffled,5,128,3.500373368297005
256000,semi-sparse,both-shuffled,6,128,3.546699219441507
256000,semi-sparse,both-shuffled,7,128,3.524945312165073
256000,semi-sparse,both-shuffled,8,128,3.457516600974486
256000,semi-sparse,both-shuffled,9,128,3.5096549454465276
256000,anti-sparse,sorted,1,128,3.7850253902433906
256000,anti-sparse,sorted,2,128,3.8151184853632003
256000,anti-sparse,sorted,3,128,3.7499173213291215
256000,anti-sparse,sorted,4,128,3.7982832036504988
256000,anti-sparse,sorted,5,128,3.772477859456558
256000,anti-sparse,sorted,6,128,3.743008139281301
256000,anti-sparse,sorted,7,128,3.770691406316473
256000,anti-sparse,sorted,8,128,3.7605904926749645
256000,anti-sparse,sorted,9,128,3.734150717718876
256000,anti-sparse,both-shuffled,1,128,3.857555017020786
256000,anti-sparse,both-shuffled,2,128,3.845681312668603
256000,anti-sparse,both-shuffled,3,128,3.8359186164598214
256000,anti-sparse,both-shuffled,4,128,3.814794592472026
256000,anti-sparse,both-shuffled,5,128,3.840472656520433
256000,anti-sparse,both-shuffled,6,128,3.8137770170578733
256000,anti-sparse,both-shuffled,7,128,3.8340745468303794
256000,anti-sparse,both-shuffled,8,128,3.9301318356592674
256000,anti-sparse,both-shuffled,9,128,3.833924476566608
1000000,join-sparse,sorted,1,32,11.746959622541908
1000000,join-sparse,sorted,2,32,11.617048185144085
1000000,join-sparse,sorted,3,32,11.908808592124842
1000000,join-sparse,sorted,4,32,12.031803373247385
1000000,join-sparse,sorted,5,32,12.302649753110018
1000000,join-sparse,sorted,6,32,11.657529968942981
1000000,join-sparse,sorted,7,32,11.727516939572524
1000000,join-sparse,sorted,8,32,12.016480468446389
1000000,join-sparse,sorted,9,32,11.605050778598525
1000000,join-sparse,both-shuffled,1,32,12.456576841941569
1000000,join-sparse,both-shuffled,2,32,12.265078119526152
1000000,join-sparse,both-shuffled,3,32,12.527545593911782
1000000,join-sparse,both-shuffled,4,32,12.500868499046192
1000000,join-sparse,both-shuffled,5,32,12.34676953026792
1000000,join-sparse,both-shuffled,6,32,12.626414063561242
1000000,join-sparse,both-shuffled,7,32,12.536800779344048
1000000,join-sparse,both-shuffled,8,32,12.285019525734242
1000000,join-sparse,both-shuffled,9,32,12.222753910464235
1000000,join-skewed,sorted,1,256,1.4728457026649266
1000000,join-skewed,sorted,2,256,1.44502278908476
1000000,join-skewed,sorted,3,256,1.498333495874249
1000000,join-skewed,sorted,4,256,1.4522578130709007
1000000,join-skewed,sorted,5,256,1.4505691760859918
1000000,join-skewed,sorted,6,256,1.4555820316672907
1000000,join-skewed,sorted,7,256,1.4726051449542865
1000000,join-skewed,sorted,8,256,1.4597514646084164
1000000,join-skewed,sorted,9,256,1.4549275738318102
1000000,join-skewed,both-shuffled,1,256,1.4602197261410765
1000000,join-skewed,both-shuffled,2,256,1.4594077147194184
1000000,join-skewed,both-shuffled,3,256,1.4768940427529742
1000000,join-skewed,both-shuffled,4,256,1.527492515378981
1000000,join-skewed,both-shuffled,5,256,1.7631363907639752
1000000,join-skewed,both-shuffled,6,256,1.5360509451056714
1000000,join-skewed,both-shuffled,7,256,2.2017454448359786
1000000,join-skewed,both-shuffled,8,256,1.894396319585212
1000000,join-skewed,both-shuffled,9,256,1.94275244120945
1000000,semi-sparse,sorted,1,16,12.892257815110497
1000000,semi-sparse,sorted,2,16,12.368903626338579
1000000,semi-sparse,sorted,3,16,12.535648435004987
1000000,semi-sparse,sorted,4,16,13.828848997945897
1000000,semi-sparse,sorted,5,16,15.630994748789817
1000000,semi-sparse,sorted,6,16,18.541625002399087
1000000,semi-sparse,sorted,7,16,15.083244739798829
1000000,semi-sparse,sorted,8,16,14.434164069825783
1000000,semi-sparse,sorted,9,16,14.668002622784115
1000000,semi-sparse,both-shuffled,1,32,15.815731778275222
1000000,semi-sparse,both-shuffled,2,32,13.729591155424714
1000000,semi-sparse,both-shuffled,3,32,13.704529934329912
1000000,semi-sparse,both-shuffled,4,32,14.165251282975078
1000000,semi-sparse,both-shuffled,5,32,14.76769531291211
1000000,semi-sparse,both-shuffled,6,32,13.791960933303926
1000000,semi-sparse,both-shuffled,7,32,14.891877595800906
1000000,semi-sparse,both-shuffled,8,32,13.847681002516765
1000000,semi-sparse,both-shuffled,9,32,13.590555972768925
1000000,anti-sparse,sorted,1,32,14.874696629703976
1000000,anti-sparse,sorted,2,32,14.219371092622168
1000000,anti-sparse,sorted,3,32,14.134846343949903
1000000,anti-sparse,sorted,4,32,14.250382810132578
1000000,anti-sparse,sorted,5,32,15.010440089099575
1000000,anti-sparse,sorted,6,32,14.839572941127699
1000000,anti-sparse,sorted,7,32,14.36168618965894
1000000,anti-sparse,sorted,8,32,14.498195312626194
1000000,anti-sparse,sorted,9,32,14.917085936758667
1000000,anti-sparse,both-shuffled,1,32,15.179045592958573
1000000,anti-sparse,both-shuffled,2,32,14.961824221245479
1000000,anti-sparse,both-shuffled,3,32,15.143041659030132
1000000,anti-sparse,both-shuffled,4,32,15.016770841612015
1000000,anti-sparse,both-shuffled,5,32,14.94223956251517
1000000,anti-sparse,both-shuffled,6,32,14.86612109147245
1000000,anti-sparse,both-shuffled,7,32,15.04123565973714
1000000,anti-sparse,both-shuffled,8,32,14.848076847556513
1000000,anti-sparse,both-shuffled,9,32,14.493946597212926
4000000,join-sparse,sorted,1,8,57.996765623101965
4000000,join-sparse,sorted,2,8,57.9972343693953
4000000,join-sparse,sorted,3,8,58.551213500322774
4000000,join-sparse,sorted,4,8,57.535614614607766
4000000,join-sparse,sorted,5,8,58.5582448693458
4000000,join-sparse,sorted,6,8,58.230489637935534
4000000,join-sparse,sorted,7,8,72.43333337828517
4000000,join-sparse,sorted,8,8,57.31143750017509
4000000,join-sparse,sorted,9,8,58.70249998406507
4000000,join-sparse,both-shuffled,1,8,62.80790100572631
4000000,join-sparse,both-shuffled,2,8,63.07640625163913
4000000,join-sparse,both-shuffled,3,8,61.81704162736423
4000000,join-sparse,both-shuffled,4,8,62.04670312581584
4000000,join-sparse,both-shuffled,5,8,61.34116149041802
4000000,join-sparse,both-shuffled,6,8,60.7244843558874
4000000,join-sparse,both-shuffled,7,8,63.31349999527447
4000000,join-sparse,both-shuffled,8,8,61.96961461682804
4000000,join-sparse,both-shuffled,9,8,63.48757812520489
4000000,join-skewed,sorted,1,64,5.513766282092547
4000000,join-skewed,sorted,2,64,5.487638012709795
4000000,join-skewed,sorted,3,64,5.534539061045507
4000000,join-skewed,sorted,4,64,5.767223952716449
4000000,join-skewed,sorted,5,64,5.488911454449408
4000000,join-skewed,sorted,6,64,5.490675783221377
4000000,join-skewed,sorted,7,64,5.491324216563953
4000000,join-skewed,sorted,8,64,5.429840497527039
4000000,join-skewed,sorted,9,64,5.456630216940539
4000000,join-skewed,both-shuffled,1,64,5.434044920548331
4000000,join-skewed,both-shuffled,2,64,5.462172532133991
4000000,join-skewed,both-shuffled,3,64,5.434766921098344
4000000,join-skewed,both-shuffled,4,64,5.888404954021098
4000000,join-skewed,both-shuffled,5,64,6.962339186429745
4000000,join-skewed,both-shuffled,6,64,11.0802011731721
4000000,join-skewed,both-shuffled,7,64,7.74954492226243
4000000,join-skewed,both-shuffled,8,64,5.420313795184484
4000000,join-skewed,both-shuffled,9,64,5.471751293953275
4000000,semi-sparse,sorted,1,8,52.673807251267135
4000000,semi-sparse,sorted,2,8,51.976734393974766
4000000,semi-sparse,sorted,3,8,51.7934218805749
4000000,semi-sparse,sorted,4,8,52.11741148377769
4000000,semi-sparse,sorted,5,8,51.951135508716106
4000000,semi-sparse,sorted,6,8,52.94927611248568
4000000,semi-sparse,sorted,7,8,54.10522926831618
4000000,semi-sparse,sorted,8,8,54.30164575227536
4000000,semi-sparse,sorted,9,8,53.70256776222959
4000000,semi-sparse,both-shuffled,1,8,57.92552087223157
4000000,semi-sparse,both-shuffled,2,8,57.40031774621457
4000000,semi-sparse,both-shuffled,3,8,57.04714063904248
4000000,semi-sparse,both-shuffled,4,8,57.5347448757384
4000000,semi-sparse,both-shuffled,5,8,57.20301563269459
4000000,semi-sparse,both-shuffled,6,8,60.30050525441766
4000000,semi-sparse,both-shuffled,7,8,73.26757299597375
4000000,semi-sparse,both-shuffled,8,8,83.41151036438532
4000000,semi-sparse,both-shuffled,9,8,57.58919785148464
4000000,anti-sparse,sorted,1,4,67.08582298597321
4000000,anti-sparse,sorted,2,4,67.45727075031027
4000000,anti-sparse,sorted,3,4,67.7634269814007
4000000,anti-sparse,sorted,4,4,67.69119802629575
4000000,anti-sparse,sorted,5,4,69.63717704638839
4000000,anti-sparse,sorted,6,4,73.27414577594027
4000000,anti-sparse,sorted,7,4,86.55891678063199
4000000,anti-sparse,sorted,8,4,72.75521877454594
4000000,anti-sparse,sorted,9,4,71.21411472326145
4000000,anti-sparse,both-shuffled,1,1,113.47425007261336
4000000,anti-sparse,both-shuffled,2,1,119.46370801888406
4000000,anti-sparse,both-shuffled,3,1,100.02712509594858
4000000,anti-sparse,both-shuffled,4,1,79.8789169639349
4000000,anti-sparse,both-shuffled,5,1,80.35195805132389
4000000,anti-sparse,both-shuffled,6,1,113.8992088381201
4000000,anti-sparse,both-shuffled,7,1,95.14341712929308
4000000,anti-sparse,both-shuffled,8,1,110.05941708572209
4000000,anti-sparse,both-shuffled,9,1,172.92383313179016
