rows	workload	temperature	sample	stage	milliseconds
1000	aligned-unique	cold	1	decode	6.180792
1000	aligned-unique	cold	1	detect-sorted	0.458792
1000	aligned-unique	cold	1	build	0.870500
1000	aligned-unique	cold	1	probe	4.066750
1000	aligned-unique	cold	1	materialize	3.329250
1000	aligned-unique	warm	1	decode	0.067041
1000	aligned-unique	warm	1	detect-sorted	0.002292
1000	aligned-unique	warm	1	build	0.074792
1000	aligned-unique	warm	1	probe	0.253333
1000	aligned-unique	warm	1	materialize	0.017542
1000	aligned-unique	warm	2	decode	0.097625
1000	aligned-unique	warm	2	detect-sorted	0.004417
1000	aligned-unique	warm	2	build	0.079417
1000	aligned-unique	warm	2	probe	0.267292
1000	aligned-unique	warm	2	materialize	0.036458
1000	aligned-unique	warm	3	decode	0.056542
1000	aligned-unique	warm	3	detect-sorted	0.002125
1000	aligned-unique	warm	3	build	0.072125
1000	aligned-unique	warm	3	probe	0.259583
1000	aligned-unique	warm	3	materialize	0.018958
1000	offset-unique	cold	1	decode	0.089541
1000	offset-unique	cold	1	detect-sorted	0.003916
1000	offset-unique	cold	1	build	0.077250
1000	offset-unique	cold	1	probe	0.267459
1000	offset-unique	cold	1	materialize	0.025375
1000	offset-unique	warm	1	decode	0.056667
1000	offset-unique	warm	1	detect-sorted	0.001792
1000	offset-unique	warm	1	build	0.072667
1000	offset-unique	warm	1	probe	0.231125
1000	offset-unique	warm	1	materialize	0.010958
1000	offset-unique	warm	2	decode	0.070709
1000	offset-unique	warm	2	detect-sorted	0.003375
1000	offset-unique	warm	2	build	0.076083
1000	offset-unique	warm	2	probe	0.235000
1000	offset-unique	warm	2	materialize	0.026042
1000	offset-unique	warm	3	decode	0.051958
1000	offset-unique	warm	3	detect-sorted	0.002209
1000	offset-unique	warm	3	build	0.082167
1000	offset-unique	warm	3	probe	0.225958
1000	offset-unique	warm	3	materialize	0.012542
1000	interleaved-gaps	cold	1	decode	0.070666
1000	interleaved-gaps	cold	1	detect-sorted	0.003208
1000	interleaved-gaps	cold	1	build	0.073541
1000	interleaved-gaps	cold	1	probe	0.211667
1000	interleaved-gaps	cold	1	materialize	0.016500
1000	interleaved-gaps	warm	1	decode	0.079208
1000	interleaved-gaps	warm	1	detect-sorted	0.002458
1000	interleaved-gaps	warm	1	build	0.072167
1000	interleaved-gaps	warm	1	probe	0.214000
1000	interleaved-gaps	warm	1	materialize	0.011042
1000	interleaved-gaps	warm	2	decode	0.058166
1000	interleaved-gaps	warm	2	detect-sorted	0.002291
1000	interleaved-gaps	warm	2	build	0.076167
1000	interleaved-gaps	warm	2	probe	0.199417
1000	interleaved-gaps	warm	2	materialize	0.012708
1000	interleaved-gaps	warm	3	decode	0.058875
1000	interleaved-gaps	warm	3	detect-sorted	0.001833
1000	interleaved-gaps	warm	3	build	0.075375
1000	interleaved-gaps	warm	3	probe	0.240292
1000	interleaved-gaps	warm	3	materialize	0.013250
1000	disjoint-sorted	cold	1	decode	0.064458
1000	disjoint-sorted	cold	1	detect-sorted	0.003333
1000	disjoint-sorted	cold	1	build	0.073958
1000	disjoint-sorted	cold	1	probe	0.177625
1000	disjoint-sorted	cold	1	materialize	0.019833
1000	disjoint-sorted	warm	1	decode	0.048542
1000	disjoint-sorted	warm	1	detect-sorted	0.001875
1000	disjoint-sorted	warm	1	build	0.069667
1000	disjoint-sorted	warm	1	probe	0.169875
1000	disjoint-sorted	warm	1	materialize	0.010458
1000	disjoint-sorted	warm	2	decode	0.051542
1000	disjoint-sorted	warm	2	detect-sorted	0.002041
1000	disjoint-sorted	warm	2	build	0.072167
1000	disjoint-sorted	warm	2	probe	0.168500
1000	disjoint-sorted	warm	2	materialize	0.010917
1000	disjoint-sorted	warm	3	decode	0.044292
1000	disjoint-sorted	warm	3	detect-sorted	0.001875
1000	disjoint-sorted	warm	3	build	0.070792
1000	disjoint-sorted	warm	3	probe	0.205958
1000	disjoint-sorted	warm	3	materialize	0.039333
1000	duplicate-groups	cold	1	decode	0.098375
1000	duplicate-groups	cold	1	detect-sorted	0.003500
1000	duplicate-groups	cold	1	build	0.152792
1000	duplicate-groups	cold	1	probe	0.414417
1000	duplicate-groups	cold	1	materialize	0.022875
1000	duplicate-groups	warm	1	decode	0.071708
1000	duplicate-groups	warm	1	detect-sorted	0.003167
1000	duplicate-groups	warm	1	build	0.117625
1000	duplicate-groups	warm	1	probe	0.371250
1000	duplicate-groups	warm	1	materialize	0.013000
1000	duplicate-groups	warm	2	decode	0.079083
1000	duplicate-groups	warm	2	detect-sorted	0.006667
1000	duplicate-groups	warm	2	build	0.118625
1000	duplicate-groups	warm	2	probe	0.381125
1000	duplicate-groups	warm	2	materialize	0.032042
1000	duplicate-groups	warm	3	decode	0.048125
1000	duplicate-groups	warm	3	detect-sorted	0.002125
1000	duplicate-groups	warm	3	build	0.104834
1000	duplicate-groups	warm	3	probe	0.409000
1000	duplicate-groups	warm	3	materialize	0.014000
1000	sparse-sorted	cold	1	decode	0.077292
1000	sparse-sorted	cold	1	detect-sorted	0.004833
1000	sparse-sorted	cold	1	build	0.016333
1000	sparse-sorted	cold	1	probe	0.185625
1000	sparse-sorted	cold	1	materialize	0.019917
1000	sparse-sorted	warm	1	decode	0.040875
1000	sparse-sorted	warm	1	detect-sorted	0.002292
1000	sparse-sorted	warm	1	build	0.008583
1000	sparse-sorted	warm	1	probe	0.119833
1000	sparse-sorted	warm	1	materialize	0.045875
1000	sparse-sorted	warm	2	decode	0.058250
1000	sparse-sorted	warm	2	detect-sorted	0.003750
1000	sparse-sorted	warm	2	build	0.013000
1000	sparse-sorted	warm	2	probe	0.145833
1000	sparse-sorted	warm	2	materialize	0.015625
1000	sparse-sorted	warm	3	decode	0.039791
1000	sparse-sorted	warm	3	detect-sorted	0.002333
1000	sparse-sorted	warm	3	build	0.009041
1000	sparse-sorted	warm	3	probe	0.121041
1000	sparse-sorted	warm	3	materialize	0.010292
1000	nullable-key	cold	1	decode	0.835167
1000	nullable-key	cold	1	detect-sorted	0.005125
1000	nullable-key	cold	1	build	0.264166
1000	nullable-key	cold	1	probe	0.310583
1000	nullable-key	cold	1	materialize	0.024959
1000	nullable-key	warm	1	decode	0.072333
1000	nullable-key	warm	1	detect-sorted	0.004208
1000	nullable-key	warm	1	build	0.214417
1000	nullable-key	warm	1	probe	0.225500
1000	nullable-key	warm	1	materialize	0.011750
1000	nullable-key	warm	2	decode	0.111250
1000	nullable-key	warm	2	detect-sorted	0.011459
1000	nullable-key	warm	2	build	0.154959
1000	nullable-key	warm	2	probe	0.217791
1000	nullable-key	warm	2	materialize	0.019167
1000	nullable-key	warm	3	decode	0.048583
1000	nullable-key	warm	3	detect-sorted	0.001250
1000	nullable-key	warm	3	build	0.145958
1000	nullable-key	warm	3	probe	0.172416
1000	nullable-key	warm	3	materialize	0.010625
1000	multibatch-sorted	cold	1	decode	0.068083
1000	multibatch-sorted	cold	1	detect-sorted	0.002292
1000	multibatch-sorted	cold	1	build	0.071708
1000	multibatch-sorted	cold	1	probe	0.439917
1000	multibatch-sorted	cold	1	materialize	0.014750
1000	multibatch-sorted	warm	1	decode	0.070042
1000	multibatch-sorted	warm	1	detect-sorted	0.001458
1000	multibatch-sorted	warm	1	build	0.067750
1000	multibatch-sorted	warm	1	probe	0.265916
1000	multibatch-sorted	warm	1	materialize	0.010917
1000	multibatch-sorted	warm	2	decode	0.092542
1000	multibatch-sorted	warm	2	detect-sorted	0.002917
1000	multibatch-sorted	warm	2	build	0.072000
1000	multibatch-sorted	warm	2	probe	0.156958
1000	multibatch-sorted	warm	2	materialize	0.025916
1000	multibatch-sorted	warm	3	decode	0.074250
1000	multibatch-sorted	warm	3	detect-sorted	0.001500
1000	multibatch-sorted	warm	3	build	0.067125
1000	multibatch-sorted	warm	3	probe	0.140709
1000	multibatch-sorted	warm	3	materialize	0.011500
1000	fully-shuffled	cold	1	decode	0.156750
1000	fully-shuffled	cold	1	detect-sorted	0.006584
1000	fully-shuffled	cold	1	build	0.107542
1000	fully-shuffled	cold	1	probe	0.304583
1000	fully-shuffled	cold	1	materialize	0.043458
1000	fully-shuffled	warm	1	decode	0.100125
1000	fully-shuffled	warm	1	detect-sorted	0.003417
1000	fully-shuffled	warm	1	build	0.068125
1000	fully-shuffled	warm	1	probe	0.150084
1000	fully-shuffled	warm	1	materialize	0.020583
1000	fully-shuffled	warm	2	decode	0.426500
1000	fully-shuffled	warm	2	detect-sorted	0.006041
1000	fully-shuffled	warm	2	build	0.070166
1000	fully-shuffled	warm	2	probe	0.157125
1000	fully-shuffled	warm	2	materialize	0.036000
1000	fully-shuffled	warm	3	decode	0.026292
1000	fully-shuffled	warm	3	detect-sorted	0.001042
1000	fully-shuffled	warm	3	build	0.065250
1000	fully-shuffled	warm	3	probe	0.213916
1000	fully-shuffled	warm	3	materialize	0.011375
1000	late-inversion	cold	1	decode	0.030625
1000	late-inversion	cold	1	detect-sorted	0.002166
1000	late-inversion	cold	1	build	0.065083
1000	late-inversion	cold	1	probe	0.148458
1000	late-inversion	cold	1	materialize	0.016500
1000	late-inversion	warm	1	decode	0.016250
1000	late-inversion	warm	1	detect-sorted	0.000792
1000	late-inversion	warm	1	build	0.062000
1000	late-inversion	warm	1	probe	0.134417
1000	late-inversion	warm	1	materialize	0.008292
1000	late-inversion	warm	2	decode	0.056666
1000	late-inversion	warm	2	detect-sorted	0.005125
1000	late-inversion	warm	2	build	0.069834
1000	late-inversion	warm	2	probe	0.152916
1000	late-inversion	warm	2	materialize	0.036250
1000	late-inversion	warm	3	decode	0.021458
1000	late-inversion	warm	3	detect-sorted	0.001583
1000	late-inversion	warm	3	build	0.063458
1000	late-inversion	warm	3	probe	0.135833
1000	late-inversion	warm	3	materialize	0.010458
4000	aligned-unique	cold	1	decode	0.038459
4000	aligned-unique	cold	1	detect-sorted	0.002417
4000	aligned-unique	cold	1	build	0.238167
4000	aligned-unique	cold	1	probe	0.534958
4000	aligned-unique	cold	1	materialize	0.027916
4000	aligned-unique	warm	1	decode	0.029041
4000	aligned-unique	warm	1	detect-sorted	0.001000
4000	aligned-unique	warm	1	build	0.421042
4000	aligned-unique	warm	1	probe	1.369834
4000	aligned-unique	warm	1	materialize	0.077083
4000	aligned-unique	warm	2	decode	0.069541
4000	aligned-unique	warm	2	detect-sorted	0.003000
4000	aligned-unique	warm	2	build	0.126083
4000	aligned-unique	warm	2	probe	0.501041
4000	aligned-unique	warm	2	materialize	0.044458
4000	aligned-unique	warm	3	decode	0.025833
4000	aligned-unique	warm	3	detect-sorted	0.001250
4000	aligned-unique	warm	3	build	0.083042
4000	aligned-unique	warm	3	probe	0.474375
4000	aligned-unique	warm	3	materialize	0.010958
4000	offset-unique	cold	1	decode	0.037917
4000	offset-unique	cold	1	detect-sorted	0.002875
4000	offset-unique	cold	1	build	0.138458
4000	offset-unique	cold	1	probe	0.444084
4000	offset-unique	cold	1	materialize	0.021875
4000	offset-unique	warm	1	decode	0.018917
4000	offset-unique	warm	1	detect-sorted	0.000958
4000	offset-unique	warm	1	build	0.062416
4000	offset-unique	warm	1	probe	0.431375
4000	offset-unique	warm	1	materialize	0.006791
4000	offset-unique	warm	2	decode	0.037208
4000	offset-unique	warm	2	detect-sorted	0.002750
4000	offset-unique	warm	2	build	0.069250
4000	offset-unique	warm	2	probe	0.435875
4000	offset-unique	warm	2	materialize	0.022708
4000	offset-unique	warm	3	decode	0.019083
4000	offset-unique	warm	3	detect-sorted	0.000917
4000	offset-unique	warm	3	build	0.061958
4000	offset-unique	warm	3	probe	0.435584
4000	offset-unique	warm	3	materialize	0.009709
4000	interleaved-gaps	cold	1	decode	0.024250
4000	interleaved-gaps	cold	1	detect-sorted	0.002084
4000	interleaved-gaps	cold	1	build	0.055792
4000	interleaved-gaps	cold	1	probe	0.388041
4000	interleaved-gaps	cold	1	materialize	0.010167
4000	interleaved-gaps	warm	1	decode	0.020208
4000	interleaved-gaps	warm	1	detect-sorted	0.000708
4000	interleaved-gaps	warm	1	build	0.046042
4000	interleaved-gaps	warm	1	probe	0.393375
4000	interleaved-gaps	warm	1	materialize	0.006875
4000	interleaved-gaps	warm	2	decode	0.078166
4000	interleaved-gaps	warm	2	detect-sorted	0.004209
4000	interleaved-gaps	warm	2	build	0.057917
4000	interleaved-gaps	warm	2	probe	0.419000
4000	interleaved-gaps	warm	2	materialize	0.028167
4000	interleaved-gaps	warm	3	decode	0.022167
4000	interleaved-gaps	warm	3	detect-sorted	0.001167
4000	interleaved-gaps	warm	3	build	0.049875
4000	interleaved-gaps	warm	3	probe	0.389167
4000	interleaved-gaps	warm	3	materialize	0.010292
4000	disjoint-sorted	cold	1	decode	0.033333
4000	disjoint-sorted	cold	1	detect-sorted	0.003542
4000	disjoint-sorted	cold	1	build	0.052375
4000	disjoint-sorted	cold	1	probe	0.334417
4000	disjoint-sorted	cold	1	materialize	0.011250
4000	disjoint-sorted	warm	1	decode	0.031166
4000	disjoint-sorted	warm	1	detect-sorted	0.002000
4000	disjoint-sorted	warm	1	build	0.051125
4000	disjoint-sorted	warm	1	probe	0.886584
4000	disjoint-sorted	warm	1	materialize	0.022834
4000	disjoint-sorted	warm	2	decode	0.029625
4000	disjoint-sorted	warm	2	detect-sorted	0.001541
4000	disjoint-sorted	warm	2	build	0.069708
4000	disjoint-sorted	warm	2	probe	0.363500
4000	disjoint-sorted	warm	2	materialize	0.009375
4000	disjoint-sorted	warm	3	decode	0.018666
4000	disjoint-sorted	warm	3	detect-sorted	0.000834
4000	disjoint-sorted	warm	3	build	0.080042
4000	disjoint-sorted	warm	3	probe	0.351792
4000	disjoint-sorted	warm	3	materialize	0.018667
4000	duplicate-groups	cold	1	decode	0.026041
4000	duplicate-groups	cold	1	detect-sorted	0.001708
4000	duplicate-groups	cold	1	build	0.055625
4000	duplicate-groups	cold	1	probe	0.662250
4000	duplicate-groups	cold	1	materialize	0.010916
4000	duplicate-groups	warm	1	decode	0.014500
4000	duplicate-groups	warm	1	detect-sorted	0.000709
4000	duplicate-groups	warm	1	build	0.042292
4000	duplicate-groups	warm	1	probe	0.636750
4000	duplicate-groups	warm	1	materialize	0.010083
4000	duplicate-groups	warm	2	decode	0.039750
4000	duplicate-groups	warm	2	detect-sorted	0.002834
4000	duplicate-groups	warm	2	build	0.048041
4000	duplicate-groups	warm	2	probe	0.668667
4000	duplicate-groups	warm	2	materialize	0.024959
4000	duplicate-groups	warm	3	decode	0.020500
4000	duplicate-groups	warm	3	detect-sorted	0.001167
4000	duplicate-groups	warm	3	build	0.043917
4000	duplicate-groups	warm	3	probe	0.526292
4000	duplicate-groups	warm	3	materialize	0.008667
4000	sparse-sorted	cold	1	decode	0.020708
4000	sparse-sorted	cold	1	detect-sorted	0.001666
4000	sparse-sorted	cold	1	build	0.008333
4000	sparse-sorted	cold	1	probe	0.337625
4000	sparse-sorted	cold	1	materialize	0.009417
4000	sparse-sorted	warm	1	decode	0.014208
4000	sparse-sorted	warm	1	detect-sorted	0.000625
4000	sparse-sorted	warm	1	build	0.005750
4000	sparse-sorted	warm	1	probe	0.313750
4000	sparse-sorted	warm	1	materialize	0.005917
4000	sparse-sorted	warm	2	decode	0.018667
4000	sparse-sorted	warm	2	detect-sorted	0.001417
4000	sparse-sorted	warm	2	build	0.006250
4000	sparse-sorted	warm	2	probe	0.375334
4000	sparse-sorted	warm	2	materialize	0.010417
4000	sparse-sorted	warm	3	decode	0.015000
4000	sparse-sorted	warm	3	detect-sorted	0.001167
4000	sparse-sorted	warm	3	build	0.006125
4000	sparse-sorted	warm	3	probe	0.316917
4000	sparse-sorted	warm	3	materialize	0.006792
4000	nullable-key	cold	1	decode	0.064375
4000	nullable-key	cold	1	detect-sorted	0.001709
4000	nullable-key	cold	1	build	0.371583
4000	nullable-key	cold	1	probe	0.516250
4000	nullable-key	cold	1	materialize	0.013125
4000	nullable-key	warm	1	decode	0.024959
4000	nullable-key	warm	1	detect-sorted	0.000833
4000	nullable-key	warm	1	build	0.320500
4000	nullable-key	warm	1	probe	0.495875
4000	nullable-key	warm	1	materialize	0.006333
4000	nullable-key	warm	2	decode	0.077333
4000	nullable-key	warm	2	detect-sorted	0.003250
4000	nullable-key	warm	2	build	0.337500
4000	nullable-key	warm	2	probe	0.521416
4000	nullable-key	warm	2	materialize	0.023292
4000	nullable-key	warm	3	decode	0.057875
4000	nullable-key	warm	3	detect-sorted	0.001125
4000	nullable-key	warm	3	build	0.334375
4000	nullable-key	warm	3	probe	0.503875
4000	nullable-key	warm	3	materialize	0.008792
4000	multibatch-sorted	cold	1	decode	0.030542
4000	multibatch-sorted	cold	1	detect-sorted	0.001750
4000	multibatch-sorted	cold	1	build	0.053375
4000	multibatch-sorted	cold	1	probe	0.420875
4000	multibatch-sorted	cold	1	materialize	0.013750
4000	multibatch-sorted	warm	1	decode	0.023417
4000	multibatch-sorted	warm	1	detect-sorted	0.001084
4000	multibatch-sorted	warm	1	build	0.051750
4000	multibatch-sorted	warm	1	probe	0.503750
4000	multibatch-sorted	warm	1	materialize	0.007875
4000	multibatch-sorted	warm	2	decode	0.068042
4000	multibatch-sorted	warm	2	detect-sorted	0.004208
4000	multibatch-sorted	warm	2	build	0.069667
4000	multibatch-sorted	warm	2	probe	0.053292
4000	multibatch-sorted	warm	2	materialize	0.026750
4000	multibatch-sorted	warm	3	decode	0.057792
4000	multibatch-sorted	warm	3	detect-sorted	0.001333
4000	multibatch-sorted	warm	3	build	0.058375
4000	multibatch-sorted	warm	3	probe	0.045375
4000	multibatch-sorted	warm	3	materialize	0.007667
4000	fully-shuffled	cold	1	decode	0.034125
4000	fully-shuffled	cold	1	detect-sorted	0.001750
4000	fully-shuffled	cold	1	build	0.056208
4000	fully-shuffled	cold	1	probe	0.041542
4000	fully-shuffled	cold	1	materialize	0.010375
4000	fully-shuffled	warm	1	decode	0.017542
4000	fully-shuffled	warm	1	detect-sorted	0.001042
4000	fully-shuffled	warm	1	build	0.050792
4000	fully-shuffled	warm	1	probe	0.028167
4000	fully-shuffled	warm	1	materialize	0.005958
4000	fully-shuffled	warm	2	decode	0.030750
4000	fully-shuffled	warm	2	detect-sorted	0.002500
4000	fully-shuffled	warm	2	build	0.053000
4000	fully-shuffled	warm	2	probe	0.030458
4000	fully-shuffled	warm	2	materialize	0.023542
4000	fully-shuffled	warm	3	decode	0.017333
4000	fully-shuffled	warm	3	detect-sorted	0.000916
4000	fully-shuffled	warm	3	build	0.056292
4000	fully-shuffled	warm	3	probe	0.026292
4000	fully-shuffled	warm	3	materialize	0.006167
4000	late-inversion	cold	1	decode	0.019708
4000	late-inversion	cold	1	detect-sorted	0.001250
4000	late-inversion	cold	1	build	0.054750
4000	late-inversion	cold	1	probe	0.038625
4000	late-inversion	cold	1	materialize	0.012416
4000	late-inversion	warm	1	decode	0.015667
4000	late-inversion	warm	1	detect-sorted	0.000750
4000	late-inversion	warm	1	build	0.048458
4000	late-inversion	warm	1	probe	0.027208
4000	late-inversion	warm	1	materialize	0.005209
4000	late-inversion	warm	2	decode	0.037208
4000	late-inversion	warm	2	detect-sorted	0.003333
4000	late-inversion	warm	2	build	0.056542
4000	late-inversion	warm	2	probe	0.042958
4000	late-inversion	warm	2	materialize	0.037667
4000	late-inversion	warm	3	decode	0.014292
4000	late-inversion	warm	3	detect-sorted	0.000708
4000	late-inversion	warm	3	build	0.048958
4000	late-inversion	warm	3	probe	0.030541
4000	late-inversion	warm	3	materialize	0.005125
16000	aligned-unique	cold	1	decode	0.068167
16000	aligned-unique	cold	1	detect-sorted	0.001916
16000	aligned-unique	cold	1	build	0.274041
16000	aligned-unique	cold	1	probe	0.178125
16000	aligned-unique	cold	1	materialize	0.022417
16000	aligned-unique	warm	1	decode	0.270208
16000	aligned-unique	warm	1	detect-sorted	0.009959
16000	aligned-unique	warm	1	build	0.332875
16000	aligned-unique	warm	1	probe	0.179667
16000	aligned-unique	warm	1	materialize	0.050166
16000	aligned-unique	warm	2	decode	0.081459
16000	aligned-unique	warm	2	detect-sorted	0.003666
16000	aligned-unique	warm	2	build	0.211084
16000	aligned-unique	warm	2	probe	0.120250
16000	aligned-unique	warm	2	materialize	0.024500
16000	aligned-unique	warm	3	decode	0.056084
16000	aligned-unique	warm	3	detect-sorted	0.001375
16000	aligned-unique	warm	3	build	0.205042
16000	aligned-unique	warm	3	probe	0.112541
16000	aligned-unique	warm	3	materialize	0.007333
16000	offset-unique	cold	1	decode	0.067000
16000	offset-unique	cold	1	detect-sorted	0.003083
16000	offset-unique	cold	1	build	0.473292
16000	offset-unique	cold	1	probe	0.289500
16000	offset-unique	cold	1	materialize	0.048000
16000	offset-unique	warm	1	decode	0.063042
16000	offset-unique	warm	1	detect-sorted	0.001458
16000	offset-unique	warm	1	build	0.209500
16000	offset-unique	warm	1	probe	0.111834
16000	offset-unique	warm	1	materialize	0.006333
16000	offset-unique	warm	2	decode	0.056292
16000	offset-unique	warm	2	detect-sorted	0.002833
16000	offset-unique	warm	2	build	0.198917
16000	offset-unique	warm	2	probe	0.106208
16000	offset-unique	warm	2	materialize	0.017500
16000	offset-unique	warm	3	decode	0.038041
16000	offset-unique	warm	3	detect-sorted	0.000709
16000	offset-unique	warm	3	build	0.130417
16000	offset-unique	warm	3	probe	0.098250
16000	offset-unique	warm	3	materialize	0.004542
16000	interleaved-gaps	cold	1	decode	0.046875
16000	interleaved-gaps	cold	1	detect-sorted	0.003459
16000	interleaved-gaps	cold	1	build	0.175459
16000	interleaved-gaps	cold	1	probe	0.218792
16000	interleaved-gaps	cold	1	materialize	0.011708
16000	interleaved-gaps	warm	1	decode	0.036917
16000	interleaved-gaps	warm	1	detect-sorted	0.000750
16000	interleaved-gaps	warm	1	build	0.116584
16000	interleaved-gaps	warm	1	probe	0.108209
16000	interleaved-gaps	warm	1	materialize	0.006875
16000	interleaved-gaps	warm	2	decode	0.119458
16000	interleaved-gaps	warm	2	detect-sorted	0.007042
16000	interleaved-gaps	warm	2	build	0.127416
16000	interleaved-gaps	warm	2	probe	0.245666
16000	interleaved-gaps	warm	2	materialize	0.032584
16000	interleaved-gaps	warm	3	decode	0.053791
16000	interleaved-gaps	warm	3	detect-sorted	0.001625
16000	interleaved-gaps	warm	3	build	0.175542
16000	interleaved-gaps	warm	3	probe	0.165333
16000	interleaved-gaps	warm	3	materialize	0.005875
16000	disjoint-sorted	cold	1	decode	0.053292
16000	disjoint-sorted	cold	1	detect-sorted	0.002208
16000	disjoint-sorted	cold	1	build	0.165459
16000	disjoint-sorted	cold	1	probe	0.241083
16000	disjoint-sorted	cold	1	materialize	0.011667
16000	disjoint-sorted	warm	1	decode	0.105500
16000	disjoint-sorted	warm	1	detect-sorted	0.001750
16000	disjoint-sorted	warm	1	build	0.175084
16000	disjoint-sorted	warm	1	probe	0.231458
16000	disjoint-sorted	warm	1	materialize	0.005959
16000	disjoint-sorted	warm	2	decode	0.051584
16000	disjoint-sorted	warm	2	detect-sorted	0.001500
16000	disjoint-sorted	warm	2	build	0.142625
16000	disjoint-sorted	warm	2	probe	0.163250
16000	disjoint-sorted	warm	2	materialize	0.007334
16000	disjoint-sorted	warm	3	decode	0.150458
16000	disjoint-sorted	warm	3	detect-sorted	0.007000
16000	disjoint-sorted	warm	3	build	0.178958
16000	disjoint-sorted	warm	3	probe	0.254917
16000	disjoint-sorted	warm	3	materialize	0.020750
16000	duplicate-groups	cold	1	decode	0.065542
16000	duplicate-groups	cold	1	detect-sorted	0.003917
16000	duplicate-groups	cold	1	build	0.167750
16000	duplicate-groups	cold	1	probe	0.203834
16000	duplicate-groups	cold	1	materialize	0.015292
16000	duplicate-groups	warm	1	decode	0.049416
16000	duplicate-groups	warm	1	detect-sorted	0.002250
16000	duplicate-groups	warm	1	build	0.134500
16000	duplicate-groups	warm	1	probe	0.177959
16000	duplicate-groups	warm	1	materialize	0.010167
16000	duplicate-groups	warm	2	decode	0.064000
16000	duplicate-groups	warm	2	detect-sorted	0.003291
16000	duplicate-groups	warm	2	build	0.144375
16000	duplicate-groups	warm	2	probe	0.215667
16000	duplicate-groups	warm	2	materialize	0.021292
16000	duplicate-groups	warm	3	decode	0.050250
16000	duplicate-groups	warm	3	detect-sorted	0.002333
16000	duplicate-groups	warm	3	build	0.140417
16000	duplicate-groups	warm	3	probe	0.178250
16000	duplicate-groups	warm	3	materialize	0.007833
16000	sparse-sorted	cold	1	decode	0.031709
16000	sparse-sorted	cold	1	detect-sorted	0.002750
16000	sparse-sorted	cold	1	build	0.016041
16000	sparse-sorted	cold	1	probe	0.195916
16000	sparse-sorted	cold	1	materialize	0.013666
16000	sparse-sorted	warm	1	decode	0.021792
16000	sparse-sorted	warm	1	detect-sorted	0.000833
16000	sparse-sorted	warm	1	build	0.010333
16000	sparse-sorted	warm	1	probe	0.071916
16000	sparse-sorted	warm	1	materialize	0.003625
16000	sparse-sorted	warm	2	decode	0.047750
16000	sparse-sorted	warm	2	detect-sorted	0.003208
16000	sparse-sorted	warm	2	build	0.017500
16000	sparse-sorted	warm	2	probe	0.194708
16000	sparse-sorted	warm	2	materialize	0.014500
16000	sparse-sorted	warm	3	decode	0.032334
16000	sparse-sorted	warm	3	detect-sorted	0.001041
16000	sparse-sorted	warm	3	build	0.012333
16000	sparse-sorted	warm	3	probe	0.123083
16000	sparse-sorted	warm	3	materialize	0.004500
16000	nullable-key	cold	1	decode	0.072292
16000	nullable-key	cold	1	detect-sorted	0.002500
16000	nullable-key	cold	1	build	0.184916
16000	nullable-key	cold	1	probe	0.181333
16000	nullable-key	cold	1	materialize	0.011750
16000	nullable-key	warm	1	decode	0.042125
16000	nullable-key	warm	1	detect-sorted	0.001166
16000	nullable-key	warm	1	build	0.142000
16000	nullable-key	warm	1	probe	0.155084
16000	nullable-key	warm	1	materialize	0.004334
16000	nullable-key	warm	2	decode	0.086750
16000	nullable-key	warm	2	detect-sorted	0.004584
16000	nullable-key	warm	2	build	0.185875
16000	nullable-key	warm	2	probe	0.183458
16000	nullable-key	warm	2	materialize	0.016166
16000	nullable-key	warm	3	decode	0.066834
16000	nullable-key	warm	3	detect-sorted	0.002208
16000	nullable-key	warm	3	build	0.186500
16000	nullable-key	warm	3	probe	0.178959
16000	nullable-key	warm	3	materialize	0.008833
16000	multibatch-sorted	cold	1	decode	0.074625
16000	multibatch-sorted	cold	1	detect-sorted	0.003000
16000	multibatch-sorted	cold	1	build	0.195833
16000	multibatch-sorted	cold	1	probe	0.210583
16000	multibatch-sorted	cold	1	materialize	0.017750
16000	multibatch-sorted	warm	1	decode	0.053708
16000	multibatch-sorted	warm	1	detect-sorted	0.001875
16000	multibatch-sorted	warm	1	build	0.162042
16000	multibatch-sorted	warm	1	probe	0.188792
16000	multibatch-sorted	warm	1	materialize	0.007000
16000	multibatch-sorted	warm	2	decode	0.073791
16000	multibatch-sorted	warm	2	detect-sorted	0.007292
16000	multibatch-sorted	warm	2	build	0.218958
16000	multibatch-sorted	warm	2	probe	0.209875
16000	multibatch-sorted	warm	2	materialize	0.033958
16000	multibatch-sorted	warm	3	decode	0.062375
16000	multibatch-sorted	warm	3	detect-sorted	0.001750
16000	multibatch-sorted	warm	3	build	0.176625
16000	multibatch-sorted	warm	3	probe	0.197542
16000	multibatch-sorted	warm	3	materialize	0.008125
16000	fully-shuffled	cold	1	decode	0.061500
16000	fully-shuffled	cold	1	detect-sorted	0.003833
16000	fully-shuffled	cold	1	build	0.172208
16000	fully-shuffled	cold	1	probe	0.179833
16000	fully-shuffled	cold	1	materialize	0.023125
16000	fully-shuffled	warm	1	decode	0.037708
16000	fully-shuffled	warm	1	detect-sorted	0.000834
16000	fully-shuffled	warm	1	build	0.111208
16000	fully-shuffled	warm	1	probe	0.131708
16000	fully-shuffled	warm	1	materialize	0.004083
16000	fully-shuffled	warm	2	decode	0.105667
16000	fully-shuffled	warm	2	detect-sorted	0.005458
16000	fully-shuffled	warm	2	build	0.200334
16000	fully-shuffled	warm	2	probe	0.175833
16000	fully-shuffled	warm	2	materialize	0.017875
16000	fully-shuffled	warm	3	decode	0.044917
16000	fully-shuffled	warm	3	detect-sorted	0.000959
16000	fully-shuffled	warm	3	build	0.145958
16000	fully-shuffled	warm	3	probe	0.148167
16000	fully-shuffled	warm	3	materialize	0.004667
16000	late-inversion	cold	1	decode	0.053416
16000	late-inversion	cold	1	detect-sorted	0.003250
16000	late-inversion	cold	1	build	0.202625
16000	late-inversion	cold	1	probe	0.175083
16000	late-inversion	cold	1	materialize	0.013625
16000	late-inversion	warm	1	decode	0.051375
16000	late-inversion	warm	1	detect-sorted	0.001917
16000	late-inversion	warm	1	build	0.169208
16000	late-inversion	warm	1	probe	0.142334
16000	late-inversion	warm	1	materialize	0.017916
16000	late-inversion	warm	2	decode	0.047667
16000	late-inversion	warm	2	detect-sorted	0.004792
16000	late-inversion	warm	2	build	0.161709
16000	late-inversion	warm	2	probe	0.168333
16000	late-inversion	warm	2	materialize	0.015417
16000	late-inversion	warm	3	decode	0.041250
16000	late-inversion	warm	3	detect-sorted	0.001500
16000	late-inversion	warm	3	build	0.132917
16000	late-inversion	warm	3	probe	0.157792
16000	late-inversion	warm	3	materialize	0.006542
64000	aligned-unique	cold	1	decode	0.128375
64000	aligned-unique	cold	1	detect-sorted	16.004917
64000	aligned-unique	cold	1	merge-probe	13.974958
64000	aligned-unique	cold	1	materialize	0.031208
64000	aligned-unique	warm	1	decode	0.141167
64000	aligned-unique	warm	1	detect-sorted	10.145791
64000	aligned-unique	warm	1	merge-probe	3.346834
64000	aligned-unique	warm	1	materialize	0.030666
64000	aligned-unique	warm	2	decode	0.160208
64000	aligned-unique	warm	2	detect-sorted	0.257625
64000	aligned-unique	warm	2	merge-probe	2.732416
64000	aligned-unique	warm	2	materialize	0.026959
64000	aligned-unique	warm	3	decode	0.134625
64000	aligned-unique	warm	3	detect-sorted	0.255042
64000	aligned-unique	warm	3	merge-probe	2.700292
64000	aligned-unique	warm	3	materialize	0.017875
64000	offset-unique	cold	1	decode	0.137917
64000	offset-unique	cold	1	detect-sorted	0.250834
64000	offset-unique	cold	1	merge-probe	11.824584
64000	offset-unique	cold	1	materialize	0.027500
64000	offset-unique	warm	1	decode	0.148042
64000	offset-unique	warm	1	detect-sorted	0.255625
64000	offset-unique	warm	1	merge-probe	2.531333
64000	offset-unique	warm	1	materialize	0.014042
64000	offset-unique	warm	2	decode	0.136417
64000	offset-unique	warm	2	detect-sorted	0.253750
64000	offset-unique	warm	2	merge-probe	2.567166
64000	offset-unique	warm	2	materialize	0.021791
64000	offset-unique	warm	3	decode	0.168458
64000	offset-unique	warm	3	detect-sorted	0.292375
64000	offset-unique	warm	3	merge-probe	0.447917
64000	offset-unique	warm	3	materialize	0.015458
64000	interleaved-gaps	cold	1	decode	0.050208
64000	interleaved-gaps	cold	1	detect-sorted	0.276417
64000	interleaved-gaps	cold	1	merge-probe	4.566917
64000	interleaved-gaps	cold	1	materialize	0.034833
64000	interleaved-gaps	warm	1	decode	0.044208
64000	interleaved-gaps	warm	1	detect-sorted	0.254833
64000	interleaved-gaps	warm	1	merge-probe	2.884958
64000	interleaved-gaps	warm	1	materialize	0.049000
64000	interleaved-gaps	warm	2	decode	0.052209
64000	interleaved-gaps	warm	2	detect-sorted	0.260458
64000	interleaved-gaps	warm	2	merge-probe	2.590084
64000	interleaved-gaps	warm	2	materialize	0.019875
64000	interleaved-gaps	warm	3	decode	0.053709
64000	interleaved-gaps	warm	3	detect-sorted	0.254542
64000	interleaved-gaps	warm	3	merge-probe	2.566208
64000	interleaved-gaps	warm	3	materialize	0.012125
64000	disjoint-sorted	cold	1	decode	0.081333
64000	disjoint-sorted	cold	1	detect-sorted	0.253375
64000	disjoint-sorted	cold	1	merge-probe	0.801833
64000	disjoint-sorted	cold	1	materialize	0.013292
64000	disjoint-sorted	warm	1	decode	0.045500
64000	disjoint-sorted	warm	1	detect-sorted	0.267000
64000	disjoint-sorted	warm	1	merge-probe	0.742500
64000	disjoint-sorted	warm	1	materialize	0.012417
64000	disjoint-sorted	warm	2	decode	0.095750
64000	disjoint-sorted	warm	2	detect-sorted	0.263000
64000	disjoint-sorted	warm	2	merge-probe	0.807292
64000	disjoint-sorted	warm	2	materialize	0.012875
64000	disjoint-sorted	warm	3	decode	0.041916
64000	disjoint-sorted	warm	3	detect-sorted	0.257583
64000	disjoint-sorted	warm	3	merge-probe	0.777083
64000	disjoint-sorted	warm	3	materialize	0.007250
64000	duplicate-groups	cold	1	decode	0.057625
64000	duplicate-groups	cold	1	detect-sorted	11.102292
64000	duplicate-groups	cold	1	merge-probe	10.457500
64000	duplicate-groups	cold	1	materialize	0.025250
64000	duplicate-groups	warm	1	decode	0.117208
64000	duplicate-groups	warm	1	detect-sorted	0.263625
64000	duplicate-groups	warm	1	merge-probe	3.921042
64000	duplicate-groups	warm	1	materialize	0.021917
64000	duplicate-groups	warm	2	decode	0.209667
64000	duplicate-groups	warm	2	detect-sorted	0.277750
64000	duplicate-groups	warm	2	merge-probe	4.704875
64000	duplicate-groups	warm	2	materialize	0.039000
64000	duplicate-groups	warm	3	decode	0.225292
64000	duplicate-groups	warm	3	detect-sorted	0.268375
64000	duplicate-groups	warm	3	merge-probe	2.422542
64000	duplicate-groups	warm	3	materialize	0.030959
64000	sparse-sorted	cold	1	decode	0.096083
64000	sparse-sorted	cold	1	detect-sorted	0.005792
64000	sparse-sorted	cold	1	build	0.064292
64000	sparse-sorted	cold	1	probe	0.782209
64000	sparse-sorted	cold	1	materialize	0.013459
64000	sparse-sorted	warm	1	decode	0.085250
64000	sparse-sorted	warm	1	detect-sorted	0.000833
64000	sparse-sorted	warm	1	build	0.048375
64000	sparse-sorted	warm	1	probe	0.514583
64000	sparse-sorted	warm	1	materialize	0.003750
64000	sparse-sorted	warm	2	decode	0.073042
64000	sparse-sorted	warm	2	detect-sorted	0.000958
64000	sparse-sorted	warm	2	build	0.044584
64000	sparse-sorted	warm	2	probe	0.463875
64000	sparse-sorted	warm	2	materialize	0.005292
64000	sparse-sorted	warm	3	decode	0.081375
64000	sparse-sorted	warm	3	detect-sorted	0.000792
64000	sparse-sorted	warm	3	build	0.044000
64000	sparse-sorted	warm	3	probe	0.440209
64000	sparse-sorted	warm	3	materialize	0.003500
64000	nullable-key	cold	1	decode	0.080375
64000	nullable-key	cold	1	detect-sorted	0.101208
64000	nullable-key	cold	1	build	0.727041
64000	nullable-key	cold	1	probe	0.827333
64000	nullable-key	cold	1	materialize	0.031666
64000	nullable-key	warm	1	decode	0.075875
64000	nullable-key	warm	1	detect-sorted	2.584333
64000	nullable-key	warm	1	build	0.720500
64000	nullable-key	warm	1	probe	0.732833
64000	nullable-key	warm	1	materialize	0.020042
64000	nullable-key	warm	2	decode	0.096833
64000	nullable-key	warm	2	detect-sorted	0.763167
64000	nullable-key	warm	2	build	0.707750
64000	nullable-key	warm	2	probe	0.701750
64000	nullable-key	warm	2	materialize	0.014084
64000	nullable-key	warm	3	decode	0.068958
64000	nullable-key	warm	3	detect-sorted	0.689250
64000	nullable-key	warm	3	build	0.668875
64000	nullable-key	warm	3	probe	0.689375
64000	nullable-key	warm	3	materialize	0.015084
64000	multibatch-sorted	cold	1	decode	0.055791
64000	multibatch-sorted	cold	1	detect-sorted	0.261625
64000	multibatch-sorted	cold	1	merge-probe	0.615375
64000	multibatch-sorted	cold	1	materialize	0.013125
64000	multibatch-sorted	warm	1	decode	0.077834
64000	multibatch-sorted	warm	1	detect-sorted	0.259583
64000	multibatch-sorted	warm	1	merge-probe	0.652542
64000	multibatch-sorted	warm	1	materialize	0.019083
64000	multibatch-sorted	warm	2	decode	0.076084
64000	multibatch-sorted	warm	2	detect-sorted	0.270084
64000	multibatch-sorted	warm	2	merge-probe	0.657416
64000	multibatch-sorted	warm	2	materialize	0.167708
64000	multibatch-sorted	warm	3	decode	0.098250
64000	multibatch-sorted	warm	3	detect-sorted	0.265125
64000	multibatch-sorted	warm	3	merge-probe	0.609791
64000	multibatch-sorted	warm	3	materialize	0.013292
64000	fully-shuffled	cold	1	decode	0.061917
64000	fully-shuffled	cold	1	detect-sorted	0.031166
64000	fully-shuffled	cold	1	build	0.657334
64000	fully-shuffled	cold	1	probe	0.689458
64000	fully-shuffled	cold	1	materialize	0.013500
64000	fully-shuffled	warm	1	decode	0.054125
64000	fully-shuffled	warm	1	detect-sorted	0.008458
64000	fully-shuffled	warm	1	build	0.670292
64000	fully-shuffled	warm	1	probe	0.700084
64000	fully-shuffled	warm	1	materialize	0.016208
64000	fully-shuffled	warm	2	decode	0.092625
64000	fully-shuffled	warm	2	detect-sorted	0.008916
64000	fully-shuffled	warm	2	build	0.616000
64000	fully-shuffled	warm	2	probe	0.657875
64000	fully-shuffled	warm	2	materialize	0.015667
64000	fully-shuffled	warm	3	decode	0.044250
64000	fully-shuffled	warm	3	detect-sorted	0.005708
64000	fully-shuffled	warm	3	build	0.544000
64000	fully-shuffled	warm	3	probe	0.631542
64000	fully-shuffled	warm	3	materialize	0.008334
64000	late-inversion	cold	1	decode	0.059416
64000	late-inversion	cold	1	detect-sorted	0.238792
64000	late-inversion	cold	1	build	0.677750
64000	late-inversion	cold	1	probe	0.710792
64000	late-inversion	cold	1	materialize	0.016875
64000	late-inversion	warm	1	decode	0.058542
64000	late-inversion	warm	1	detect-sorted	5.002791
64000	late-inversion	warm	1	build	0.643792
64000	late-inversion	warm	1	probe	0.672791
64000	late-inversion	warm	1	materialize	0.017417
64000	late-inversion	warm	2	decode	0.057916
64000	late-inversion	warm	2	detect-sorted	0.421000
64000	late-inversion	warm	2	build	0.681833
64000	late-inversion	warm	2	probe	0.712167
64000	late-inversion	warm	2	materialize	0.020500
64000	late-inversion	warm	3	decode	0.051791
64000	late-inversion	warm	3	detect-sorted	0.735708
64000	late-inversion	warm	3	build	0.625084
64000	late-inversion	warm	3	probe	0.727417
64000	late-inversion	warm	3	materialize	0.019666
256000	aligned-unique	cold	1	decode	0.190375
256000	aligned-unique	cold	1	detect-sorted	1.028250
256000	aligned-unique	cold	1	merge-probe	2.195666
256000	aligned-unique	cold	1	materialize	0.018292
256000	aligned-unique	warm	1	decode	0.152291
256000	aligned-unique	warm	1	detect-sorted	1.004625
256000	aligned-unique	warm	1	merge-probe	2.217834
256000	aligned-unique	warm	1	materialize	0.016833
256000	aligned-unique	warm	2	decode	0.146708
256000	aligned-unique	warm	2	detect-sorted	1.005291
256000	aligned-unique	warm	2	merge-probe	2.247833
256000	aligned-unique	warm	2	materialize	0.039458
256000	aligned-unique	warm	3	decode	0.152833
256000	aligned-unique	warm	3	detect-sorted	1.054208
256000	aligned-unique	warm	3	merge-probe	2.322417
256000	aligned-unique	warm	3	materialize	0.040750
256000	offset-unique	cold	1	decode	0.153292
256000	offset-unique	cold	1	detect-sorted	0.998125
256000	offset-unique	cold	1	merge-probe	1.966709
256000	offset-unique	cold	1	materialize	0.018292
256000	offset-unique	warm	1	decode	0.176458
256000	offset-unique	warm	1	detect-sorted	1.012125
256000	offset-unique	warm	1	merge-probe	1.942500
256000	offset-unique	warm	1	materialize	0.023167
256000	offset-unique	warm	2	decode	0.160208
256000	offset-unique	warm	2	detect-sorted	1.017750
256000	offset-unique	warm	2	merge-probe	1.949667
256000	offset-unique	warm	2	materialize	0.020875
256000	offset-unique	warm	3	decode	1.638750
256000	offset-unique	warm	3	detect-sorted	1.001000
256000	offset-unique	warm	3	merge-probe	1.984041
256000	offset-unique	warm	3	materialize	0.036334
256000	interleaved-gaps	cold	1	decode	0.172708
256000	interleaved-gaps	cold	1	detect-sorted	1.013583
256000	interleaved-gaps	cold	1	merge-probe	1.854209
256000	interleaved-gaps	cold	1	materialize	0.026584
256000	interleaved-gaps	warm	1	decode	0.213541
256000	interleaved-gaps	warm	1	detect-sorted	1.106083
256000	interleaved-gaps	warm	1	merge-probe	1.874250
256000	interleaved-gaps	warm	1	materialize	0.063334
256000	interleaved-gaps	warm	2	decode	0.149500
256000	interleaved-gaps	warm	2	detect-sorted	1.015208
256000	interleaved-gaps	warm	2	merge-probe	1.864500
256000	interleaved-gaps	warm	2	materialize	0.077500
256000	interleaved-gaps	warm	3	decode	0.167750
256000	interleaved-gaps	warm	3	detect-sorted	1.031333
256000	interleaved-gaps	warm	3	merge-probe	1.900584
256000	interleaved-gaps	warm	3	materialize	0.013125
256000	disjoint-sorted	cold	1	decode	0.139208
256000	disjoint-sorted	cold	1	detect-sorted	1.010125
256000	disjoint-sorted	cold	1	merge-probe	1.290292
256000	disjoint-sorted	cold	1	materialize	0.011291
256000	disjoint-sorted	warm	1	decode	0.132084
256000	disjoint-sorted	warm	1	detect-sorted	1.029417
256000	disjoint-sorted	warm	1	merge-probe	1.297792
256000	disjoint-sorted	warm	1	materialize	0.009458
256000	disjoint-sorted	warm	2	decode	0.148042
256000	disjoint-sorted	warm	2	detect-sorted	1.011084
256000	disjoint-sorted	warm	2	merge-probe	1.253500
256000	disjoint-sorted	warm	2	materialize	0.008291
256000	disjoint-sorted	warm	3	decode	0.134583
256000	disjoint-sorted	warm	3	detect-sorted	0.982667
256000	disjoint-sorted	warm	3	merge-probe	1.218584
256000	disjoint-sorted	warm	3	materialize	0.003583
256000	duplicate-groups	cold	1	decode	0.156125
256000	duplicate-groups	cold	1	detect-sorted	0.980625
256000	duplicate-groups	cold	1	merge-probe	3.979417
256000	duplicate-groups	cold	1	materialize	0.025209
256000	duplicate-groups	warm	1	decode	0.149291
256000	duplicate-groups	warm	1	detect-sorted	0.982208
256000	duplicate-groups	warm	1	merge-probe	4.030750
256000	duplicate-groups	warm	1	materialize	0.009459
256000	duplicate-groups	warm	2	decode	0.157458
256000	duplicate-groups	warm	2	detect-sorted	0.990750
256000	duplicate-groups	warm	2	merge-probe	3.980333
256000	duplicate-groups	warm	2	materialize	0.018250
256000	duplicate-groups	warm	3	decode	0.164917
256000	duplicate-groups	warm	3	detect-sorted	0.972333
256000	duplicate-groups	warm	3	merge-probe	3.965417
256000	duplicate-groups	warm	3	materialize	0.015375
256000	sparse-sorted	cold	1	decode	0.081792
256000	sparse-sorted	cold	1	detect-sorted	0.549833
256000	sparse-sorted	cold	1	merge-probe	1.357333
256000	sparse-sorted	cold	1	materialize	0.012917
256000	sparse-sorted	warm	1	decode	0.099583
256000	sparse-sorted	warm	1	detect-sorted	0.576000
256000	sparse-sorted	warm	1	merge-probe	5.016834
256000	sparse-sorted	warm	1	materialize	0.010458
256000	sparse-sorted	warm	2	decode	0.089166
256000	sparse-sorted	warm	2	detect-sorted	0.549167
256000	sparse-sorted	warm	2	merge-probe	2.572958
256000	sparse-sorted	warm	2	materialize	0.007041
256000	sparse-sorted	warm	3	decode	0.085542
256000	sparse-sorted	warm	3	detect-sorted	0.552667
256000	sparse-sorted	warm	3	merge-probe	2.421333
256000	sparse-sorted	warm	3	materialize	0.007667
256000	nullable-key	cold	1	decode	0.186333
256000	nullable-key	cold	1	detect-sorted	0.337000
256000	nullable-key	cold	1	build	3.436167
256000	nullable-key	cold	1	parallel-probe	5.171833
256000	nullable-key	cold	1	materialize	0.026459
256000	nullable-key	warm	1	decode	0.192667
256000	nullable-key	warm	1	detect-sorted	0.303875
256000	nullable-key	warm	1	build	3.625291
256000	nullable-key	warm	1	parallel-probe	0.692583
256000	nullable-key	warm	1	materialize	0.020416
256000	nullable-key	warm	2	decode	0.173041
256000	nullable-key	warm	2	detect-sorted	0.323666
256000	nullable-key	warm	2	build	3.309125
256000	nullable-key	warm	2	parallel-probe	0.840000
256000	nullable-key	warm	2	materialize	0.019667
256000	nullable-key	warm	3	decode	0.170708
256000	nullable-key	warm	3	detect-sorted	0.334292
256000	nullable-key	warm	3	build	3.234459
256000	nullable-key	warm	3	parallel-probe	0.730250
256000	nullable-key	warm	3	materialize	0.023333
256000	multibatch-sorted	cold	1	decode	0.697000
256000	multibatch-sorted	cold	1	detect-sorted	1.006250
256000	multibatch-sorted	cold	1	merge-probe	2.959500
256000	multibatch-sorted	cold	1	materialize	0.024167
256000	multibatch-sorted	warm	1	decode	0.661459
256000	multibatch-sorted	warm	1	detect-sorted	1.026209
256000	multibatch-sorted	warm	1	merge-probe	2.914500
256000	multibatch-sorted	warm	1	materialize	0.017750
256000	multibatch-sorted	warm	2	decode	0.929458
256000	multibatch-sorted	warm	2	detect-sorted	1.059000
256000	multibatch-sorted	warm	2	merge-probe	4.142458
256000	multibatch-sorted	warm	2	materialize	0.022000
256000	multibatch-sorted	warm	3	decode	0.181292
256000	multibatch-sorted	warm	3	detect-sorted	1.024250
256000	multibatch-sorted	warm	3	merge-probe	2.648625
256000	multibatch-sorted	warm	3	materialize	0.024042
256000	fully-shuffled	cold	1	decode	0.192125
256000	fully-shuffled	cold	1	detect-sorted	0.019584
256000	fully-shuffled	cold	1	build	3.056708
256000	fully-shuffled	cold	1	parallel-probe	1.044500
256000	fully-shuffled	cold	1	materialize	0.025083
256000	fully-shuffled	warm	1	decode	0.179291
256000	fully-shuffled	warm	1	detect-sorted	0.014875
256000	fully-shuffled	warm	1	build	3.049375
256000	fully-shuffled	warm	1	parallel-probe	0.830500
256000	fully-shuffled	warm	1	materialize	0.023167
256000	fully-shuffled	warm	2	decode	0.472958
256000	fully-shuffled	warm	2	detect-sorted	0.015542
256000	fully-shuffled	warm	2	build	3.988834
256000	fully-shuffled	warm	2	parallel-probe	1.631375
256000	fully-shuffled	warm	2	materialize	0.023250
256000	fully-shuffled	warm	3	decode	1.435792
256000	fully-shuffled	warm	3	detect-sorted	0.016083
256000	fully-shuffled	warm	3	build	3.086875
256000	fully-shuffled	warm	3	parallel-probe	0.917833
256000	fully-shuffled	warm	3	materialize	0.023042
256000	late-inversion	cold	1	decode	0.705250
256000	late-inversion	cold	1	detect-sorted	0.909667
256000	late-inversion	cold	1	build	3.889000
256000	late-inversion	cold	1	parallel-probe	1.503958
256000	late-inversion	cold	1	materialize	0.023708
256000	late-inversion	warm	1	decode	0.194208
256000	late-inversion	warm	1	detect-sorted	0.501125
256000	late-inversion	warm	1	build	2.984042
256000	late-inversion	warm	1	parallel-probe	0.826625
256000	late-inversion	warm	1	materialize	0.037833
256000	late-inversion	warm	2	decode	0.300125
256000	late-inversion	warm	2	detect-sorted	0.500625
256000	late-inversion	warm	2	build	2.830958
256000	late-inversion	warm	2	parallel-probe	0.786167
256000	late-inversion	warm	2	materialize	0.020708
256000	late-inversion	warm	3	decode	0.325042
256000	late-inversion	warm	3	detect-sorted	0.500375
256000	late-inversion	warm	3	build	3.159625
256000	late-inversion	warm	3	parallel-probe	0.741500
256000	late-inversion	warm	3	materialize	0.021167
1000000	aligned-unique	cold	1	decode	3.548666
1000000	aligned-unique	cold	1	detect-sorted	4.132708
1000000	aligned-unique	cold	1	merge-probe	9.661500
1000000	aligned-unique	cold	1	materialize	0.037584
1000000	aligned-unique	warm	1	decode	1.568791
1000000	aligned-unique	warm	1	detect-sorted	4.300417
1000000	aligned-unique	warm	1	merge-probe	9.637750
1000000	aligned-unique	warm	1	materialize	0.023542
1000000	aligned-unique	warm	2	decode	2.867416
1000000	aligned-unique	warm	2	detect-sorted	4.261500
1000000	aligned-unique	warm	2	merge-probe	10.220542
1000000	aligned-unique	warm	2	materialize	0.035208
1000000	aligned-unique	warm	3	decode	0.950791
1000000	aligned-unique	warm	3	detect-sorted	4.071916
1000000	aligned-unique	warm	3	merge-probe	9.870042
1000000	aligned-unique	warm	3	materialize	0.053875
1000000	offset-unique	cold	1	decode	0.908750
1000000	offset-unique	cold	1	detect-sorted	3.849459
1000000	offset-unique	cold	1	merge-probe	8.543083
1000000	offset-unique	cold	1	materialize	0.027125
1000000	offset-unique	warm	1	decode	1.579417
1000000	offset-unique	warm	1	detect-sorted	3.945292
1000000	offset-unique	warm	1	merge-probe	8.589667
1000000	offset-unique	warm	1	materialize	0.020167
1000000	offset-unique	warm	2	decode	0.765333
1000000	offset-unique	warm	2	detect-sorted	3.887542
1000000	offset-unique	warm	2	merge-probe	8.788500
1000000	offset-unique	warm	2	materialize	0.040083
1000000	offset-unique	warm	3	decode	0.577417
1000000	offset-unique	warm	3	detect-sorted	3.785000
1000000	offset-unique	warm	3	merge-probe	8.532166
1000000	offset-unique	warm	3	materialize	0.030250
1000000	interleaved-gaps	cold	1	decode	2.294167
1000000	interleaved-gaps	cold	1	detect-sorted	3.888541
1000000	interleaved-gaps	cold	1	merge-probe	8.050166
1000000	interleaved-gaps	cold	1	materialize	0.023958
1000000	interleaved-gaps	warm	1	decode	0.552334
1000000	interleaved-gaps	warm	1	detect-sorted	3.969292
1000000	interleaved-gaps	warm	1	merge-probe	8.064167
1000000	interleaved-gaps	warm	1	materialize	0.022667
1000000	interleaved-gaps	warm	2	decode	0.562083
1000000	interleaved-gaps	warm	2	detect-sorted	3.873750
1000000	interleaved-gaps	warm	2	merge-probe	8.114959
1000000	interleaved-gaps	warm	2	materialize	0.039750
1000000	interleaved-gaps	warm	3	decode	0.512208
1000000	interleaved-gaps	warm	3	detect-sorted	3.897000
1000000	interleaved-gaps	warm	3	merge-probe	8.035167
1000000	interleaved-gaps	warm	3	materialize	0.028417
1000000	disjoint-sorted	cold	1	decode	0.995333
1000000	disjoint-sorted	cold	1	detect-sorted	3.953458
1000000	disjoint-sorted	cold	1	merge-probe	5.885083
1000000	disjoint-sorted	cold	1	materialize	0.031583
1000000	disjoint-sorted	warm	1	decode	0.681500
1000000	disjoint-sorted	warm	1	detect-sorted	3.903167
1000000	disjoint-sorted	warm	1	merge-probe	5.908792
1000000	disjoint-sorted	warm	1	materialize	0.022875
1000000	disjoint-sorted	warm	2	decode	0.691166
1000000	disjoint-sorted	warm	2	detect-sorted	3.849625
1000000	disjoint-sorted	warm	2	merge-probe	5.867583
1000000	disjoint-sorted	warm	2	materialize	0.012083
1000000	disjoint-sorted	warm	3	decode	0.508792
1000000	disjoint-sorted	warm	3	detect-sorted	3.775958
1000000	disjoint-sorted	warm	3	merge-probe	5.920083
1000000	disjoint-sorted	warm	3	materialize	0.020042
1000000	duplicate-groups	cold	1	decode	2.001375
1000000	duplicate-groups	cold	1	detect-sorted	3.835833
1000000	duplicate-groups	cold	1	merge-probe	16.318958
1000000	duplicate-groups	cold	1	materialize	0.032250
1000000	duplicate-groups	warm	1	decode	1.162541
1000000	duplicate-groups	warm	1	detect-sorted	3.877083
1000000	duplicate-groups	warm	1	merge-probe	16.261458
1000000	duplicate-groups	warm	1	materialize	0.015083
1000000	duplicate-groups	warm	2	decode	1.145958
1000000	duplicate-groups	warm	2	detect-sorted	3.838541
1000000	duplicate-groups	warm	2	merge-probe	15.996917
1000000	duplicate-groups	warm	2	materialize	0.035958
1000000	duplicate-groups	warm	3	decode	1.093333
1000000	duplicate-groups	warm	3	detect-sorted	3.917209
1000000	duplicate-groups	warm	3	merge-probe	15.894958
1000000	duplicate-groups	warm	3	materialize	0.029416
1000000	sparse-sorted	cold	1	decode	0.563791
1000000	sparse-sorted	cold	1	detect-sorted	2.080333
1000000	sparse-sorted	cold	1	merge-probe	6.222708
1000000	sparse-sorted	cold	1	materialize	0.023084
1000000	sparse-sorted	warm	1	decode	0.714292
1000000	sparse-sorted	warm	1	detect-sorted	2.140584
1000000	sparse-sorted	warm	1	merge-probe	6.339084
1000000	sparse-sorted	warm	1	materialize	0.021000
1000000	sparse-sorted	warm	2	decode	0.650792
1000000	sparse-sorted	warm	2	detect-sorted	2.162708
1000000	sparse-sorted	warm	2	merge-probe	6.476000
1000000	sparse-sorted	warm	2	materialize	0.022125
1000000	sparse-sorted	warm	3	decode	0.697625
1000000	sparse-sorted	warm	3	detect-sorted	2.176583
1000000	sparse-sorted	warm	3	merge-probe	6.278125
1000000	sparse-sorted	warm	3	materialize	0.021458
1000000	nullable-key	cold	1	decode	0.648709
1000000	nullable-key	cold	1	detect-sorted	1.254750
1000000	nullable-key	cold	1	build	24.649750
1000000	nullable-key	cold	1	parallel-probe	4.251500
1000000	nullable-key	cold	1	materialize	0.404500
1000000	nullable-key	warm	1	decode	0.652625
1000000	nullable-key	warm	1	detect-sorted	1.280292
1000000	nullable-key	warm	1	build	24.030083
1000000	nullable-key	warm	1	parallel-probe	7.129416
1000000	nullable-key	warm	1	materialize	0.103125
1000000	nullable-key	warm	2	decode	0.714500
1000000	nullable-key	warm	2	detect-sorted	1.292959
1000000	nullable-key	warm	2	build	22.054125
1000000	nullable-key	warm	2	parallel-probe	3.825291
1000000	nullable-key	warm	2	materialize	0.062125
1000000	nullable-key	warm	3	decode	0.795791
1000000	nullable-key	warm	3	detect-sorted	1.232042
1000000	nullable-key	warm	3	build	25.774292
1000000	nullable-key	warm	3	parallel-probe	4.199291
1000000	nullable-key	warm	3	materialize	0.061458
1000000	multibatch-sorted	cold	1	decode	0.607375
1000000	multibatch-sorted	cold	1	detect-sorted	3.882500
1000000	multibatch-sorted	cold	1	merge-probe	10.468875
1000000	multibatch-sorted	cold	1	materialize	0.038500
1000000	multibatch-sorted	warm	1	decode	0.566291
1000000	multibatch-sorted	warm	1	detect-sorted	3.838125
1000000	multibatch-sorted	warm	1	merge-probe	10.065708
1000000	multibatch-sorted	warm	1	materialize	0.015750
1000000	multibatch-sorted	warm	2	decode	0.544083
1000000	multibatch-sorted	warm	2	detect-sorted	3.959084
1000000	multibatch-sorted	warm	2	merge-probe	10.403291
1000000	multibatch-sorted	warm	2	materialize	0.019709
1000000	multibatch-sorted	warm	3	decode	2.805041
1000000	multibatch-sorted	warm	3	detect-sorted	3.820875
1000000	multibatch-sorted	warm	3	merge-probe	10.198291
1000000	multibatch-sorted	warm	3	materialize	0.032916
1000000	fully-shuffled	cold	1	decode	0.582375
1000000	fully-shuffled	cold	1	detect-sorted	0.010167
1000000	fully-shuffled	cold	1	build	18.742875
1000000	fully-shuffled	cold	1	parallel-probe	2.651709
1000000	fully-shuffled	cold	1	materialize	0.071166
1000000	fully-shuffled	warm	1	decode	0.552208
1000000	fully-shuffled	warm	1	detect-sorted	0.008750
1000000	fully-shuffled	warm	1	build	17.084833
1000000	fully-shuffled	warm	1	parallel-probe	4.137583
1000000	fully-shuffled	warm	1	materialize	0.054791
1000000	fully-shuffled	warm	2	decode	0.494584
1000000	fully-shuffled	warm	2	detect-sorted	0.008917
1000000	fully-shuffled	warm	2	build	16.582166
1000000	fully-shuffled	warm	2	parallel-probe	3.557541
1000000	fully-shuffled	warm	2	materialize	0.085667
1000000	fully-shuffled	warm	3	decode	0.545083
1000000	fully-shuffled	warm	3	detect-sorted	0.024375
1000000	fully-shuffled	warm	3	build	15.034667
1000000	fully-shuffled	warm	3	parallel-probe	2.898208
1000000	fully-shuffled	warm	3	materialize	0.073042
1000000	late-inversion	cold	1	decode	0.505625
1000000	late-inversion	cold	1	detect-sorted	1.888458
1000000	late-inversion	cold	1	build	16.694292
1000000	late-inversion	cold	1	parallel-probe	3.147291
1000000	late-inversion	cold	1	materialize	0.068208
1000000	late-inversion	warm	1	decode	0.866250
1000000	late-inversion	warm	1	detect-sorted	1.835208
1000000	late-inversion	warm	1	build	18.249292
1000000	late-inversion	warm	1	parallel-probe	2.607417
1000000	late-inversion	warm	1	materialize	0.062750
1000000	late-inversion	warm	2	decode	0.603458
1000000	late-inversion	warm	2	detect-sorted	1.928000
1000000	late-inversion	warm	2	build	15.267209
1000000	late-inversion	warm	2	parallel-probe	2.768833
1000000	late-inversion	warm	2	materialize	0.059375
1000000	late-inversion	warm	3	decode	0.507208
1000000	late-inversion	warm	3	detect-sorted	1.981833
1000000	late-inversion	warm	3	build	17.435708
1000000	late-inversion	warm	3	parallel-probe	3.211584
1000000	late-inversion	warm	3	materialize	0.081792
