workload	sample	stage	milliseconds
joinOneToOne	1	decode	1.676208
joinOneToOne	1	build	22.602042
joinOneToOne	1	probe	25.658083
joinOneToOne	1	materialize	0.077417
joinOneToOne	1	checksum	26.522500
joinOneToOne	2	decode	1.041042
joinOneToOne	2	build	20.965500
joinOneToOne	2	probe	26.623042
joinOneToOne	2	materialize	0.063083
joinOneToOne	2	checksum	25.800125
joinOneToOne	3	decode	1.062500
joinOneToOne	3	build	18.654375
joinOneToOne	3	probe	22.124166
joinOneToOne	3	materialize	0.074625
joinOneToOne	3	checksum	26.181125
joinOneToOne	4	decode	1.336542
joinOneToOne	4	build	19.088417
joinOneToOne	4	probe	27.328917
joinOneToOne	4	materialize	0.055375
joinOneToOne	4	checksum	26.298416
joinOneToOne	5	decode	0.605000
joinOneToOne	5	build	22.217583
joinOneToOne	5	probe	23.421500
joinOneToOne	5	materialize	0.051208
joinOneToOne	5	checksum	26.601000
joinOneToOne	6	decode	1.814291
joinOneToOne	6	build	28.974000
joinOneToOne	6	probe	26.141459
joinOneToOne	6	materialize	0.064458
joinOneToOne	6	checksum	26.765125
joinOneToOne	7	decode	1.556250
joinOneToOne	7	build	27.759292
joinOneToOne	7	probe	26.705875
joinOneToOne	7	materialize	0.056959
joinOneToOne	7	checksum	26.467916
joinOneToOne	8	decode	0.680750
joinOneToOne	8	build	24.089708
joinOneToOne	8	probe	28.914500
joinOneToOne	8	materialize	0.068334
joinOneToOne	8	checksum	26.202542
joinOneToOne	9	decode	0.698500
joinOneToOne	9	build	20.678417
joinOneToOne	9	probe	22.696667
joinOneToOne	9	materialize	0.063417
joinOneToOne	9	checksum	26.021833
joinOneToMany	1	decode	0.550958
joinOneToMany	1	build	16.670875
joinOneToMany	1	probe	17.221875
joinOneToMany	1	materialize	0.058458
joinOneToMany	1	checksum	26.472958
joinOneToMany	2	decode	0.698000
joinOneToMany	2	build	15.191583
joinOneToMany	2	probe	16.272708
joinOneToMany	2	materialize	0.050792
joinOneToMany	2	checksum	26.084417
joinOneToMany	3	decode	0.577333
joinOneToMany	3	build	17.152458
joinOneToMany	3	probe	22.710125
joinOneToMany	3	materialize	0.081209
joinOneToMany	3	checksum	26.148625
joinOneToMany	4	decode	0.568625
joinOneToMany	4	build	15.951000
joinOneToMany	4	probe	20.900834
joinOneToMany	4	materialize	0.064500
joinOneToMany	4	checksum	26.204833
joinOneToMany	5	decode	0.605959
joinOneToMany	5	build	17.410292
joinOneToMany	5	probe	17.777458
joinOneToMany	5	materialize	0.076042
joinOneToMany	5	checksum	26.489625
joinOneToMany	6	decode	0.678625
joinOneToMany	6	build	17.947250
joinOneToMany	6	probe	20.576542
joinOneToMany	6	materialize	0.059833
joinOneToMany	6	checksum	26.954000
joinOneToMany	7	decode	0.560708
joinOneToMany	7	build	17.275208
joinOneToMany	7	probe	17.906750
joinOneToMany	7	materialize	0.054791
joinOneToMany	7	checksum	25.916834
joinOneToMany	8	decode	0.679167
joinOneToMany	8	build	19.007459
joinOneToMany	8	probe	20.695834
joinOneToMany	8	materialize	0.042583
joinOneToMany	8	checksum	26.001667
joinOneToMany	9	decode	0.649375
joinOneToMany	9	build	17.849875
joinOneToMany	9	probe	17.488292
joinOneToMany	9	materialize	0.034458
joinOneToMany	9	checksum	26.212125
joinSparse	1	decode	0.790917
joinSparse	1	build	1.205625
joinSparse	1	probe	16.726542
joinSparse	1	materialize	0.034333
joinSparse	1	checksum	2.557917
joinSparse	2	decode	1.249417
joinSparse	2	build	1.171208
joinSparse	2	probe	17.175542
joinSparse	2	materialize	0.043250
joinSparse	2	checksum	2.714667
joinSparse	3	decode	0.782250
joinSparse	3	build	1.323833
joinSparse	3	probe	17.259750
joinSparse	3	materialize	0.044666
joinSparse	3	checksum	2.605209
joinSparse	4	decode	3.398542
joinSparse	4	build	0.977917
joinSparse	4	probe	16.791833
joinSparse	4	materialize	0.072417
joinSparse	4	checksum	2.607875
joinSparse	5	decode	0.358458
joinSparse	5	build	1.147875
joinSparse	5	probe	16.633292
joinSparse	5	materialize	0.042500
joinSparse	5	checksum	2.629625
joinSparse	6	decode	0.381416
joinSparse	6	build	1.079792
joinSparse	6	probe	16.828875
joinSparse	6	materialize	0.036542
joinSparse	6	checksum	2.615833
joinSparse	7	decode	0.360458
joinSparse	7	build	1.014958
joinSparse	7	probe	17.279250
joinSparse	7	materialize	0.039125
joinSparse	7	checksum	2.607875
joinSparse	8	decode	0.372167
joinSparse	8	build	1.005792
joinSparse	8	probe	16.739667
joinSparse	8	materialize	0.033500
joinSparse	8	checksum	2.511166
joinSparse	9	decode	0.334250
joinSparse	9	build	0.987125
joinSparse	9	probe	17.324250
joinSparse	9	materialize	0.036416
joinSparse	9	checksum	2.579875
joinSkewed	1	decode	0.337750
joinSkewed	1	build	0.014959
joinSkewed	1	probe	3.084708
joinSkewed	1	materialize	0.030208
joinSkewed	1	checksum	0.037167
joinSkewed	2	decode	0.296250
joinSkewed	2	build	0.011750
joinSkewed	2	probe	2.980292
joinSkewed	2	materialize	0.020667
joinSkewed	2	checksum	0.032042
joinSkewed	3	decode	0.291834
joinSkewed	3	build	0.011958
joinSkewed	3	probe	2.926542
joinSkewed	3	materialize	0.039625
joinSkewed	3	checksum	0.044375
joinSkewed	4	decode	0.389166
joinSkewed	4	build	0.015500
joinSkewed	4	probe	3.034292
joinSkewed	4	materialize	0.023500
joinSkewed	4	checksum	0.033709
joinSkewed	5	decode	0.280666
joinSkewed	5	build	0.009334
joinSkewed	5	probe	2.974000
joinSkewed	5	materialize	0.018750
joinSkewed	5	checksum	0.037125
joinSkewed	6	decode	0.277875
joinSkewed	6	build	0.009500
joinSkewed	6	probe	2.930625
joinSkewed	6	materialize	0.048875
joinSkewed	6	checksum	0.048208
joinSkewed	7	decode	0.403959
joinSkewed	7	build	0.017875
joinSkewed	7	probe	3.012375
joinSkewed	7	materialize	0.019000
joinSkewed	7	checksum	0.031083
joinSkewed	8	decode	0.282667
joinSkewed	8	build	0.011834
joinSkewed	8	probe	3.069000
joinSkewed	8	materialize	0.022208
joinSkewed	8	checksum	0.032333
joinSkewed	9	decode	0.324667
joinSkewed	9	build	0.013000
joinSkewed	9	probe	3.051000
joinSkewed	9	materialize	0.017833
joinSkewed	9	checksum	0.030959
semiJoinSparse	1	decode	0.414917
semiJoinSparse	1	build	1.098166
semiJoinSparse	1	probe	15.988333
semiJoinSparse	1	materialize	0.038209
semiJoinSparse	1	checksum	0.985583
semiJoinSparse	2	decode	0.425292
semiJoinSparse	2	build	1.077125
semiJoinSparse	2	probe	16.046750
semiJoinSparse	2	materialize	0.031500
semiJoinSparse	2	checksum	0.938667
semiJoinSparse	3	decode	0.319875
semiJoinSparse	3	build	0.959833
semiJoinSparse	3	probe	16.325458
semiJoinSparse	3	materialize	0.015709
semiJoinSparse	3	checksum	0.949167
semiJoinSparse	4	decode	0.305458
semiJoinSparse	4	build	0.982125
semiJoinSparse	4	probe	16.058417
semiJoinSparse	4	materialize	0.031833
semiJoinSparse	4	checksum	0.994208
semiJoinSparse	5	decode	0.432667
semiJoinSparse	5	build	1.096167
semiJoinSparse	5	probe	16.160291
semiJoinSparse	5	materialize	0.035833
semiJoinSparse	5	checksum	0.960625
semiJoinSparse	6	decode	0.325291
semiJoinSparse	6	build	0.996625
semiJoinSparse	6	probe	16.096125
semiJoinSparse	6	materialize	0.026292
semiJoinSparse	6	checksum	0.925042
semiJoinSparse	7	decode	0.304042
semiJoinSparse	7	build	0.954833
semiJoinSparse	7	probe	16.123417
semiJoinSparse	7	materialize	0.043375
semiJoinSparse	7	checksum	0.980958
semiJoinSparse	8	decode	0.323583
semiJoinSparse	8	build	0.991916
semiJoinSparse	8	probe	15.726458
semiJoinSparse	8	materialize	0.027833
semiJoinSparse	8	checksum	0.952000
semiJoinSparse	9	decode	0.328042
semiJoinSparse	9	build	0.958875
semiJoinSparse	9	probe	15.971000
semiJoinSparse	9	materialize	0.042750
semiJoinSparse	9	checksum	1.046041
antiJoinSparse	1	decode	0.669250
antiJoinSparse	1	build	1.138125
antiJoinSparse	1	probe	16.945666
antiJoinSparse	1	materialize	0.061125
antiJoinSparse	1	checksum	8.550375
antiJoinSparse	2	decode	0.321875
antiJoinSparse	2	build	0.979000
antiJoinSparse	2	probe	17.157750
antiJoinSparse	2	materialize	0.055292
antiJoinSparse	2	checksum	8.568167
antiJoinSparse	3	decode	0.324833
antiJoinSparse	3	build	1.005541
antiJoinSparse	3	probe	16.982500
antiJoinSparse	3	materialize	0.042417
antiJoinSparse	3	checksum	8.377708
antiJoinSparse	4	decode	0.439250
antiJoinSparse	4	build	1.026459
antiJoinSparse	4	probe	16.902917
antiJoinSparse	4	materialize	0.040167
antiJoinSparse	4	checksum	8.758042
antiJoinSparse	5	decode	0.377875
antiJoinSparse	5	build	1.028041
antiJoinSparse	5	probe	17.191333
antiJoinSparse	5	materialize	0.047084
antiJoinSparse	5	checksum	8.541750
antiJoinSparse	6	decode	0.328333
antiJoinSparse	6	build	1.000334
antiJoinSparse	6	probe	16.559500
antiJoinSparse	6	materialize	0.050375
antiJoinSparse	6	checksum	8.543417
antiJoinSparse	7	decode	0.345208
antiJoinSparse	7	build	0.950750
antiJoinSparse	7	probe	16.505500
antiJoinSparse	7	materialize	0.056000
antiJoinSparse	7	checksum	8.683375
antiJoinSparse	8	decode	0.350542
antiJoinSparse	8	build	1.025667
antiJoinSparse	8	probe	17.436792
antiJoinSparse	8	materialize	0.044875
antiJoinSparse	8	checksum	8.377333
antiJoinSparse	9	decode	0.325375
antiJoinSparse	9	build	0.986459
antiJoinSparse	9	probe	17.175833
antiJoinSparse	9	materialize	0.039375
antiJoinSparse	9	checksum	8.613000
