rows	order	sample	stage	milliseconds
1000	sorted	1	decode	0.058708
1000	sorted	1	build	0.079833
1000	sorted	1	probe	0.246125
1000	sorted	1	materialize	0.011417
1000	sorted	1	checksum	6.942875
1000	sorted	2	decode	0.133917
1000	sorted	2	build	0.080500
1000	sorted	2	probe	0.256292
1000	sorted	2	materialize	0.035417
1000	sorted	2	checksum	1.049209
1000	sorted	3	decode	0.065959
1000	sorted	3	build	0.075209
1000	sorted	3	probe	0.242792
1000	sorted	3	materialize	0.014791
1000	sorted	3	checksum	0.989000
1000	sorted	4	decode	0.064459
1000	sorted	4	build	0.891541
1000	sorted	4	probe	0.261916
1000	sorted	4	materialize	0.025333
1000	sorted	4	checksum	0.972000
1000	sorted	5	decode	0.095458
1000	sorted	5	build	0.075000
1000	sorted	5	probe	0.243250
1000	sorted	5	materialize	0.012750
1000	sorted	5	checksum	0.782458
1000	right-shuffled	1	decode	0.057209
1000	right-shuffled	1	build	0.069166
1000	right-shuffled	1	probe	0.175083
1000	right-shuffled	1	materialize	0.009250
1000	right-shuffled	1	checksum	0.114875
1000	right-shuffled	2	decode	0.060708
1000	right-shuffled	2	build	0.073292
1000	right-shuffled	2	probe	0.179666
1000	right-shuffled	2	materialize	0.010292
1000	right-shuffled	2	checksum	0.109667
1000	right-shuffled	3	decode	0.059375
1000	right-shuffled	3	build	0.072208
1000	right-shuffled	3	probe	0.176292
1000	right-shuffled	3	materialize	0.009625
1000	right-shuffled	3	checksum	0.109041
1000	right-shuffled	4	decode	0.057292
1000	right-shuffled	4	build	0.069958
1000	right-shuffled	4	probe	0.178875
1000	right-shuffled	4	materialize	0.009875
1000	right-shuffled	4	checksum	0.110666
1000	right-shuffled	5	decode	0.059666
1000	right-shuffled	5	build	0.070792
1000	right-shuffled	5	probe	0.177083
1000	right-shuffled	5	materialize	0.009959
1000	right-shuffled	5	checksum	0.108416
1000	both-shuffled	1	decode	0.063417
1000	both-shuffled	1	build	0.069166
1000	both-shuffled	1	probe	0.132375
1000	both-shuffled	1	materialize	0.009625
1000	both-shuffled	1	checksum	0.118917
1000	both-shuffled	2	decode	0.056458
1000	both-shuffled	2	build	0.075584
1000	both-shuffled	2	probe	0.134542
1000	both-shuffled	2	materialize	0.010708
1000	both-shuffled	2	checksum	0.109417
1000	both-shuffled	3	decode	0.049334
1000	both-shuffled	3	build	0.071250
1000	both-shuffled	3	probe	0.132750
1000	both-shuffled	3	materialize	0.009833
1000	both-shuffled	3	checksum	0.108000
1000	both-shuffled	4	decode	0.051916
1000	both-shuffled	4	build	0.070459
1000	both-shuffled	4	probe	0.131917
1000	both-shuffled	4	materialize	0.009375
1000	both-shuffled	4	checksum	0.107459
1000	both-shuffled	5	decode	0.055167
1000	both-shuffled	5	build	0.072708
1000	both-shuffled	5	probe	0.132709
1000	both-shuffled	5	materialize	0.009667
1000	both-shuffled	5	checksum	0.109625
256000	sorted	1	decode	1.016125
256000	sorted	1	build	2.383542
256000	sorted	1	probe	2.706875
256000	sorted	1	materialize	0.052292
256000	sorted	1	checksum	8.908917
256000	sorted	2	decode	0.662583
256000	sorted	2	build	2.325834
256000	sorted	2	probe	2.460833
256000	sorted	2	materialize	0.052750
256000	sorted	2	checksum	6.879709
256000	sorted	3	decode	0.656417
256000	sorted	3	build	2.352792
256000	sorted	3	probe	2.241500
256000	sorted	3	materialize	0.043709
256000	sorted	3	checksum	6.280500
256000	sorted	4	decode	0.640166
256000	sorted	4	build	2.267334
256000	sorted	4	probe	2.225083
256000	sorted	4	materialize	0.041208
256000	sorted	4	checksum	7.067334
256000	sorted	5	decode	0.752500
256000	sorted	5	build	2.355292
256000	sorted	5	probe	2.197083
256000	sorted	5	materialize	0.051541
256000	sorted	5	checksum	7.182000
256000	right-shuffled	1	decode	1.407125
256000	right-shuffled	1	build	3.141083
256000	right-shuffled	1	probe	2.212583
256000	right-shuffled	1	materialize	0.061584
256000	right-shuffled	1	checksum	9.128250
256000	right-shuffled	2	decode	0.897834
256000	right-shuffled	2	build	2.255708
256000	right-shuffled	2	probe	2.218208
256000	right-shuffled	2	materialize	0.131334
256000	right-shuffled	2	checksum	14.740833
256000	right-shuffled	3	decode	6.254500
256000	right-shuffled	3	build	2.727750
256000	right-shuffled	3	probe	2.738125
256000	right-shuffled	3	materialize	0.068750
256000	right-shuffled	3	checksum	9.163833
256000	right-shuffled	4	decode	0.822500
256000	right-shuffled	4	build	4.724583
256000	right-shuffled	4	probe	2.137208
256000	right-shuffled	4	materialize	0.056000
256000	right-shuffled	4	checksum	9.058250
256000	right-shuffled	5	decode	0.554917
256000	right-shuffled	5	build	2.020084
256000	right-shuffled	5	probe	2.021834
256000	right-shuffled	5	materialize	0.040042
256000	right-shuffled	5	checksum	11.597584
256000	both-shuffled	1	decode	0.697709
256000	both-shuffled	1	build	2.252333
256000	both-shuffled	1	probe	1.902459
256000	both-shuffled	1	materialize	0.032750
256000	both-shuffled	1	checksum	13.886083
256000	both-shuffled	2	decode	0.757416
256000	both-shuffled	2	build	2.214708
256000	both-shuffled	2	probe	2.118125
256000	both-shuffled	2	materialize	0.044459
256000	both-shuffled	2	checksum	9.031042
256000	both-shuffled	3	decode	0.586875
256000	both-shuffled	3	build	2.257291
256000	both-shuffled	3	probe	2.211125
256000	both-shuffled	3	materialize	0.038042
256000	both-shuffled	3	checksum	8.992750
256000	both-shuffled	4	decode	0.650541
256000	both-shuffled	4	build	5.541291
256000	both-shuffled	4	probe	2.192417
256000	both-shuffled	4	materialize	0.055542
256000	both-shuffled	4	checksum	9.048250
256000	both-shuffled	5	decode	0.707792
256000	both-shuffled	5	build	2.158667
256000	both-shuffled	5	probe	2.068292
256000	both-shuffled	5	materialize	0.048375
256000	both-shuffled	5	checksum	8.536958
1000000	sorted	1	decode	1.904750
1000000	sorted	1	build	13.987250
1000000	sorted	1	probe	23.934042
1000000	sorted	1	materialize	0.053542
1000000	sorted	1	checksum	34.218334
1000000	sorted	2	decode	1.614417
1000000	sorted	2	build	60.807833
1000000	sorted	2	probe	24.346709
1000000	sorted	2	materialize	0.076167
1000000	sorted	2	checksum	52.964625
1000000	sorted	3	decode	1.266000
1000000	sorted	3	build	12.456875
1000000	sorted	3	probe	14.175459
1000000	sorted	3	materialize	0.062125
1000000	sorted	3	checksum	27.647958
1000000	sorted	4	decode	4.849625
1000000	sorted	4	build	10.029583
1000000	sorted	4	probe	12.578542
1000000	sorted	4	materialize	0.076292
1000000	sorted	4	checksum	29.149209
1000000	sorted	5	decode	0.705834
1000000	sorted	5	build	23.464583
1000000	sorted	5	probe	14.604375
1000000	sorted	5	materialize	0.064417
1000000	sorted	5	checksum	24.794250
1000000	right-shuffled	1	decode	1.260083
1000000	right-shuffled	1	build	12.000666
1000000	right-shuffled	1	probe	13.391542
1000000	right-shuffled	1	materialize	0.069541
1000000	right-shuffled	1	checksum	87.000500
1000000	right-shuffled	2	decode	1.454417
1000000	right-shuffled	2	build	17.946333
1000000	right-shuffled	2	probe	12.761458
1000000	right-shuffled	2	materialize	0.062959
1000000	right-shuffled	2	checksum	120.267000
1000000	right-shuffled	3	decode	0.695041
1000000	right-shuffled	3	build	12.340083
1000000	right-shuffled	3	probe	11.955500
1000000	right-shuffled	3	materialize	0.057542
1000000	right-shuffled	3	checksum	95.640542
1000000	right-shuffled	4	decode	0.977583
1000000	right-shuffled	4	build	11.154333
1000000	right-shuffled	4	probe	13.477458
1000000	right-shuffled	4	materialize	0.065166
1000000	right-shuffled	4	checksum	92.010541
1000000	right-shuffled	5	decode	12.315375
1000000	right-shuffled	5	build	9.375500
1000000	right-shuffled	5	probe	11.147709
1000000	right-shuffled	5	materialize	0.254250
1000000	right-shuffled	5	checksum	112.373083
1000000	both-shuffled	1	decode	6.898958
1000000	both-shuffled	1	build	11.750625
1000000	both-shuffled	1	probe	12.895000
1000000	both-shuffled	1	materialize	0.085291
1000000	both-shuffled	1	checksum	100.706500
1000000	both-shuffled	2	decode	1.313959
1000000	both-shuffled	2	build	16.748958
1000000	both-shuffled	2	probe	16.833959
1000000	both-shuffled	2	materialize	0.060583
1000000	both-shuffled	2	checksum	83.405291
1000000	both-shuffled	3	decode	0.633709
1000000	both-shuffled	3	build	11.222833
1000000	both-shuffled	3	probe	11.840208
1000000	both-shuffled	3	materialize	0.051291
1000000	both-shuffled	3	checksum	97.281667
1000000	both-shuffled	4	decode	0.598750
1000000	both-shuffled	4	build	12.089167
1000000	both-shuffled	4	probe	13.044125
1000000	both-shuffled	4	materialize	0.038625
1000000	both-shuffled	4	checksum	115.829625
1000000	both-shuffled	5	decode	0.595792
1000000	both-shuffled	5	build	11.167250
1000000	both-shuffled	5	probe	13.283083
1000000	both-shuffled	5	materialize	0.050375
1000000	both-shuffled	5	checksum	67.834167
4000000	sorted	1	decode	2.578541
4000000	sorted	1	build	75.128875
4000000	sorted	1	probe	73.612208
4000000	sorted	1	materialize	0.084792
4000000	sorted	1	checksum	102.190584
4000000	sorted	2	decode	2.265375
4000000	sorted	2	build	66.522000
4000000	sorted	2	probe	71.517875
4000000	sorted	2	materialize	0.096333
4000000	sorted	2	checksum	102.624916
4000000	sorted	3	decode	2.226834
4000000	sorted	3	build	69.251917
4000000	sorted	3	probe	73.656458
4000000	sorted	3	materialize	0.065459
4000000	sorted	3	checksum	103.182583
4000000	sorted	4	decode	2.064709
4000000	sorted	4	build	72.519917
4000000	sorted	4	probe	71.538916
4000000	sorted	4	materialize	0.088166
4000000	sorted	4	checksum	102.324708
4000000	sorted	5	decode	2.326792
4000000	sorted	5	build	67.581167
4000000	sorted	5	probe	71.303959
4000000	sorted	5	materialize	0.078584
4000000	sorted	5	checksum	102.984708
4000000	right-shuffled	1	decode	2.147333
4000000	right-shuffled	1	build	66.065291
4000000	right-shuffled	1	probe	67.827750
4000000	right-shuffled	1	materialize	0.065958
4000000	right-shuffled	1	checksum	488.327917
4000000	right-shuffled	2	decode	2.278750
4000000	right-shuffled	2	build	64.766833
4000000	right-shuffled	2	probe	67.251958
4000000	right-shuffled	2	materialize	0.077834
4000000	right-shuffled	2	checksum	475.858709
4000000	right-shuffled	3	decode	2.277166
4000000	right-shuffled	3	build	68.113000
4000000	right-shuffled	3	probe	67.452166
4000000	right-shuffled	3	materialize	0.087917
4000000	right-shuffled	3	checksum	480.227500
4000000	right-shuffled	4	decode	2.394375
4000000	right-shuffled	4	build	73.554333
4000000	right-shuffled	4	probe	69.613792
4000000	right-shuffled	4	materialize	0.085709
4000000	right-shuffled	4	checksum	453.156875
4000000	right-shuffled	5	decode	2.261708
4000000	right-shuffled	5	build	68.687959
4000000	right-shuffled	5	probe	73.278042
4000000	right-shuffled	5	materialize	0.079042
4000000	right-shuffled	5	checksum	469.344875
4000000	both-shuffled	1	decode	2.065709
4000000	both-shuffled	1	build	66.297375
4000000	both-shuffled	1	probe	68.286208
4000000	both-shuffled	1	materialize	0.066958
4000000	both-shuffled	1	checksum	473.879334
4000000	both-shuffled	2	decode	2.375583
4000000	both-shuffled	2	build	64.006417
4000000	both-shuffled	2	probe	67.740666
4000000	both-shuffled	2	materialize	0.084584
4000000	both-shuffled	2	checksum	463.474042
4000000	both-shuffled	3	decode	2.321583
4000000	both-shuffled	3	build	70.559625
4000000	both-shuffled	3	probe	68.904875
4000000	both-shuffled	3	materialize	0.080834
4000000	both-shuffled	3	checksum	457.558459
4000000	both-shuffled	4	decode	2.275959
4000000	both-shuffled	4	build	65.500375
4000000	both-shuffled	4	probe	69.265750
4000000	both-shuffled	4	materialize	0.090417
4000000	both-shuffled	4	checksum	466.058042
4000000	both-shuffled	5	decode	2.345791
4000000	both-shuffled	5	build	66.824458
4000000	both-shuffled	5	probe	69.782792
4000000	both-shuffled	5	materialize	0.089584
4000000	both-shuffled	5	checksum	466.427250
