rows	workload	order	frame4s_ms	polars_1t_ms	frame4s_over_polars	frame4s_allocation_bytes	passes_1_05
256000	anti-sparse	both-shuffled	3.357102581	3.8359186164598214	0.8751756532567623	4933718.943	true
256000	anti-sparse	sorted	3.289329275	3.770691406316473	0.872341149288929	4933709.163	true
256000	join-skewed	both-shuffled	0.325992504	0.5525599785869417	0.5899676354296571	3124572.126	true
256000	join-skewed	sorted	0.360326182	0.6119309900896042	0.5888346689995844	3124654.52	true
256000	join-sparse	both-shuffled	3.481904371	3.4064485698763747	1.0221508704962963	4114646.235	true
256000	join-sparse	sorted	3.333716938	3.2383232428401243	1.0294577434080396	4114604.479	true
256000	semi-sparse	both-shuffled	3.314805907	3.5096549454465276	0.9444819956732992	4012126.702	true
256000	semi-sparse	sorted	3.372646088	3.9579990225320216	0.8521088733979632	4012086.462	true
1000000	anti-sparse	both-shuffled	14.289711913	14.961824221245479	0.9550781844308066	19304503.034	true
1000000	anti-sparse	sorted	13.35978649	14.498195312626194	0.9214792739317854	19304399.09	true
1000000	join-skewed	both-shuffled	2.14337856	1.5360509451056714	1.395382468810335	12054762.827	false
1000000	join-skewed	sorted	1.269404594	1.4555820316672907	0.872094163285298	12053542.443	true
1000000	join-sparse	both-shuffled	15.25908396	12.456576841941569	1.2249821241918026	16104615.198	false
1000000	join-sparse	sorted	13.182225017	11.746959622541908	1.1221818615690038	16104510.252	false
1000000	semi-sparse	both-shuffled	14.621738392	13.847681002516765	1.0558979795492511	15704489.221	false
1000000	semi-sparse	sorted	12.974204466	14.434164069825783	0.8988538860468	15704362.966	true
4000000	anti-sparse	both-shuffled	65.686967459	110.05941708572209	0.5968318677159478	77198388.083	true
4000000	anti-sparse	sorted	58.957156075	69.63717704638839	0.8466333440789257	77198049.04	true
4000000	join-skewed	both-shuffled	7.48121964	5.471751293953275	1.3672440939096315	48055598.635	false
4000000	join-skewed	sorted	6.195172974	5.490675783221377	1.1283079202985273	48055565.764	false
4000000	join-sparse	both-shuffled	60.859017556	62.04670312581584	0.9808582001946582	64398405.867	true
4000000	join-sparse	sorted	58.759527376	58.230489637935534	1.0090852359537745	64398675.964	true
4000000	semi-sparse	both-shuffled	59.3087898	57.58919785148464	1.0298596266777316	62798302.4	true
4000000	semi-sparse	sorted	58.482620881	52.673807251267135	1.1102789779752085	62798577.76	false
