rows	order	frame4s_ms	pandas_ms	polars_pinned_ms	polars_default_ms	frame4s_over_pandas	frame4s_over_polars_pinned	frame4s_over_polars_default
1000	both-shuffled	0.034233333	0.26411092085254495	0.0611865639257303	0.2299472656659418	0.12961725660376125	0.5594910190013812	0.14887471221220266
1000	right-shuffled	0.014961257	0.2558813885116251	0.060273824118439734	0.24577705949013762	0.05846950060348092	0.2482214662637087	0.060873285045548994
1000	sorted	0.014370911	0.21902514652083482	0.06115700267628199	0.2518154296922148	0.06561306419960762	0.23498389998065342	0.05706922334967743
4000	both-shuffled	0.042548492	0.34891918949142564	0.10951822895322039	0.2657474774423463	0.1219436857629339	0.3885060268658486	0.16010873333400075
4000	right-shuffled	0.072825054	0.3127877596398321	0.10986585476757682	0.25856302841020806	0.23282577964002293	0.6628542976711255	0.28165300525666676
4000	sorted	0.046661371	0.2367098999229711	0.10846145630694082	0.26648327639122726	0.19712471263425949	0.4302115478511603	0.17510056027491905
16000	both-shuffled	0.163446138	0.9165017936538788	0.30790490723120456	0.3575782061489008	0.17833695376457298	0.5308331701166066	0.45709200166393427
16000	right-shuffled	0.17092956	0.4539329415820248	0.3139626876418333	0.3692497559768526	0.376552447161655	0.5444263497801223	0.4629104210178955
16000	sorted	0.354711982	0.2632548828387371	0.30118375684651255	0.3832837314803328	1.3474089375857352	1.1777261354129605	0.9254553555665357
64000	both-shuffled	1.266510508	1.4054822577236337	1.234716309227224	1.3608787467092043	0.9011216620060954	1.0257502055615313	0.9306563946733684
64000	right-shuffled	1.225156635	1.4736990542587591	1.229144043463748	1.0824321288964711	0.8313479142566385	0.9967559469657346	1.1318553859344835
64000	sorted	1.818427617	0.38733846008653927	1.1836804997074069	1.0056062010335154	4.694673533306572	1.536248689954338	1.8082899798460914
256000	both-shuffled	5.95852789	5.896861985092983	8.541424485883908	2.9264023432915565	1.0104574102400405	0.6976035320393495	2.0361273642564037
256000	right-shuffled	6.176810541	5.2404765629034955	8.279485693492461	2.9587493409053423	1.1786734406417663	0.7460379508663045	2.0876423884930952
256000	sorted	5.789811878	0.6750290526724712	8.160005221725442	2.8758238986483775	8.577129910302183	0.7095353153187981	2.013270659834624
1000000	both-shuffled	29.326746217	44.666109373793006	52.829546883003786	10.343317713704892	0.6565771370767053	0.55512015429447	2.8353326300846464
1000000	right-shuffled	30.115554499	29.48377862048801	50.884942727861926	9.509598967269994	1.0214279141979778	0.591836265986604	3.1668585187084437
1000000	sorted	29.783534153	2.0796634125872515	50.42160412995145	9.260936189093627	14.321324293505329	0.5906899367231354	3.216039236732386
4000000	both-shuffled	183.30943815	242.47024999931455	267.1405419241637	56.32740625878796	0.7560079562359432	0.6861910095324961	3.254356099902982
4000000	right-shuffled	185.286911067	231.1995419440791	358.41791587881744	59.46093224338256	0.8014155629764002	0.5169577268834024	3.116111774174558
4000000	sorted	189.999702667	8.441981779469643	281.7968330346048	63.694999960716814	22.506528399417668	0.6742435698121134	2.9829610296597884
