comparison	order	first_rows	last_rows	status	minimum_ratio	maximum_ratio
pandas	both-shuffled	1000	64000	frame4s-faster	0.1219436857629339	0.9011216620060954
pandas	both-shuffled	256000	256000	within-5-percent	1.0104574102400405	1.0104574102400405
pandas	both-shuffled	1000000	4000000	frame4s-faster	0.6565771370767053	0.7560079562359432
pandas	right-shuffled	1000	64000	frame4s-faster	0.05846950060348092	0.8313479142566385
pandas	right-shuffled	256000	256000	comparator-faster	1.1786734406417663	1.1786734406417663
pandas	right-shuffled	1000000	1000000	within-5-percent	1.0214279141979778	1.0214279141979778
pandas	right-shuffled	4000000	4000000	frame4s-faster	0.8014155629764002	0.8014155629764002
pandas	sorted	1000	4000	frame4s-faster	0.06561306419960762	0.19712471263425949
pandas	sorted	16000	4000000	comparator-faster	1.3474089375857352	22.506528399417668
polars-pinned	both-shuffled	1000	16000	frame4s-faster	0.3885060268658486	0.5594910190013812
polars-pinned	both-shuffled	64000	64000	within-5-percent	1.0257502055615313	1.0257502055615313
polars-pinned	both-shuffled	256000	4000000	frame4s-faster	0.55512015429447	0.6976035320393495
polars-pinned	right-shuffled	1000	16000	frame4s-faster	0.2482214662637087	0.6628542976711255
polars-pinned	right-shuffled	64000	64000	within-5-percent	0.9967559469657346	0.9967559469657346
polars-pinned	right-shuffled	256000	4000000	frame4s-faster	0.5169577268834024	0.7460379508663045
polars-pinned	sorted	1000	4000	frame4s-faster	0.23498389998065342	0.4302115478511603
polars-pinned	sorted	16000	64000	comparator-faster	1.1777261354129605	1.536248689954338
polars-pinned	sorted	256000	4000000	frame4s-faster	0.5906899367231354	0.7095353153187981
polars-default	both-shuffled	1000	64000	frame4s-faster	0.14887471221220266	0.9306563946733684
polars-default	both-shuffled	256000	4000000	comparator-faster	2.0361273642564037	3.254356099902982
polars-default	right-shuffled	1000	16000	frame4s-faster	0.060873285045548994	0.4629104210178955
polars-default	right-shuffled	64000	4000000	comparator-faster	1.1318553859344835	3.1668585187084437
polars-default	sorted	1000	16000	frame4s-faster	0.05706922334967743	0.9254553555665357
polars-default	sorted	64000	4000000	comparator-faster	1.8082899798460914	3.216039236732386
