benchmark,loops_per_sample,samples,median_ms,min_ms,max_ms,frame4s_ms,data_table_over_frame4s
primitiveMaterializedProjection,2048,9,0.18408203125,0.1767578125,0.24560546875,0.00150742801773223,122.116631165535
fusedFilterProjectArithmetic,2048,9,0.20556640625,0.18994140625,0.29248046875,0.006545020529736,31.4080613370194
groupedLowCardinalitySumOnly,1024,9,0.277343750000001,0.261718749999999,0.956054687499999,0.0087996914823219,31.5174401917578
groupedLowCardinality,512,9,0.775390624999997,0.376953124999996,1.654296875,0.0161749608340834,47.9377126753912
joinOneToOne,512,9,0.544921875,0.419921875,0.972656250000002,0.104479076718011,5.21560768067223
joinOneToMany,256,9,0.636718750000001,0.421874999999988,0.945312500000003,0.0983019980077323,6.47716997522184
joinSparse,1024,9,0.379882812500003,0.3603515625,0.4091796875,0.0155286396515344,24.4633671090736
joinSkewed,1024,9,0.410156249999998,0.390625000000002,0.4794921875,0.0944630268100903,4.34197657909673
distinctLowCardinality,2048,9,0.198242187500003,0.192382812499999,0.20849609375,0.0848508626150421,2.33636030784275
semiJoinSparse,1024,9,0.349609375000004,0.331054687499999,0.36328125,0.0105650724958703,33.0910531032003
antiJoinSparse,1024,9,0.334960937500003,0.328124999999999,0.3544921875,0.041320325649799,8.10644476374384
unionAll,8192,9,0.0308837890624991,0.0295410156250005,0.0340576171875004,0.0128154423696896,2.40988864618078
