implementation	order	lower_rows	upper_rows	per_row_cost_ratio	candidate
frame4s	both-shuffled	1000	4000	0.8905596677897751	false
frame4s	both-shuffled	4000	16000	0.9963427050044643	false
frame4s	both-shuffled	16000	64000	1.649988933436734	true
frame4s	both-shuffled	64000	256000	0.9158584326446505	false
frame4s	both-shuffled	256000	1000000	1.1008129804969204	false
frame4s	both-shuffled	1000000	4000000	1.7364652578101751	true
frame4s	right-shuffled	1000	4000	0.8931900659336984	false
frame4s	right-shuffled	4000	16000	1.011731286578787	false
frame4s	right-shuffled	16000	64000	1.6223782589466926	true
frame4s	right-shuffled	64000	256000	0.8953624457892632	false
frame4s	right-shuffled	256000	1000000	1.116669841657971	false
frame4s	right-shuffled	1000000	4000000	1.7131784185286676	true
frame4s	sorted	1000	4000	0.8997837467187706	false
frame4s	sorted	4000	16000	1.0029445897266245	false
frame4s	sorted	16000	64000	1.4972078748237847	true
frame4s	sorted	64000	256000	1.008134146926519	false
frame4s	sorted	256000	1000000	1.0042772361886831	false
frame4s	sorted	1000000	4000000	1.001567800095288	false
pandas	both-shuffled	1000	4000	0.2774097335484926	false
pandas	both-shuffled	4000	16000	0.38819040060962634	false
pandas	both-shuffled	16000	64000	0.6844025407414295	false
pandas	both-shuffled	64000	256000	1.0626927798368935	false
pandas	both-shuffled	256000	1000000	1.5469744041584155	true
pandas	both-shuffled	1000000	4000000	1.9661056262440229	true
pandas	right-shuffled	1000	4000	0.27971117319151995	false
pandas	right-shuffled	4000	16000	0.3771730664774431	false
pandas	right-shuffled	16000	64000	0.7146856888740301	false
pandas	right-shuffled	64000	256000	0.9783964795963017	false
pandas	right-shuffled	256000	1000000	1.3699984731765615	true
pandas	right-shuffled	1000000	4000000	1.8956016076922442	true
pandas	sorted	1000	4000	0.25636661525616006	false
pandas	sorted	4000	16000	0.27551452139361776	false
pandas	sorted	16000	64000	0.34237379409818786	false
pandas	sorted	64000	256000	0.517860439834184	false
pandas	sorted	256000	1000000	0.7740699883690942	false
pandas	sorted	1000000	4000000	0.9622441902358788	false
polars-pinned	both-shuffled	1000	4000	0.4589400165694772	false
polars-pinned	both-shuffled	4000	16000	0.7053114898449548	false
polars-pinned	both-shuffled	16000	64000	0.955167701847248	false
polars-pinned	both-shuffled	64000	256000	1.3210311111799928	true
polars-pinned	both-shuffled	256000	1000000	1.7956733128400035	true
polars-pinned	both-shuffled	1000000	4000000	1.301719002995233	true
polars-pinned	right-shuffled	1000	4000	0.4610127906641778	false
polars-pinned	right-shuffled	4000	16000	0.7019160247702791	false
polars-pinned	right-shuffled	16000	64000	0.9567176583063106	false
polars-pinned	right-shuffled	64000	256000	1.3282597919937955	true
polars-pinned	right-shuffled	256000	1000000	1.720866609422276	true
polars-pinned	right-shuffled	1000000	4000000	1.3767771778320725	true
polars-pinned	sorted	1000	4000	0.4557870949245462	false
polars-pinned	sorted	4000	16000	0.6960331147772222	false
polars-pinned	sorted	16000	64000	0.9359628572479733	false
polars-pinned	sorted	64000	256000	1.320484111527582	true
polars-pinned	sorted	256000	1000000	1.8365881920008973	true
polars-pinned	sorted	1000000	4000000	1.2524551810581712	true
polars-default	both-shuffled	1000	4000	0.3096561463486014	false
polars-default	both-shuffled	4000	16000	0.3230042388794686	false
polars-default	both-shuffled	16000	64000	0.5648221731072004	false
polars-default	both-shuffled	64000	256000	0.6814263099565985	false
polars-default	both-shuffled	256000	1000000	1.0209951633722012	false
polars-default	both-shuffled	1000000	4000000	1.6190538329921063	true
polars-default	right-shuffled	1000	4000	0.2927964024029396	false
polars-default	right-shuffled	4000	16000	0.32965308105364627	false
polars-default	right-shuffled	16000	64000	0.576213158197551	false
polars-default	right-shuffled	64000	256000	0.6760555275832428	false
polars-default	right-shuffled	256000	1000000	1.0038195518795123	false
polars-default	right-shuffled	1000000	4000000	1.6632493671110018	true
polars-default	sorted	1000	4000	0.3121604482525525	false
polars-default	sorted	4000	16000	0.3206591116073938	false
polars-default	sorted	16000	64000	0.5642551634299112	false
polars-default	sorted	64000	256000	0.6554819166813651	false
polars-default	sorted	256000	1000000	0.998929930618613	false
polars-default	sorted	1000000	4000000	1.5536822264234496	true
