rows	order	endpoint	median_ms	minimum_ms	maximum_ms
1000000	both-shuffled	prepare	0.00138401	0.001378743	0.001508392
1000000	both-shuffled	gather-view	10.634972337	9.670829723	10.866171044
1000000	right-shuffled	prepare	0.001418267	0.001402098	0.001575092
1000000	right-shuffled	gather-view	10.422321215	9.574916406	10.557906764
1000000	sorted	prepare	0.001434468	0.00135601	0.001454307
1000000	sorted	gather-view	10.063326795	9.901233285	10.277993477
4000000	both-shuffled	prepare	0.001419919	0.001390714	0.002672764
4000000	both-shuffled	gather-view	72.559165596	63.9970917	72.761486886
4000000	right-shuffled	prepare	0.001410873	0.001387383	0.001925077
4000000	right-shuffled	gather-view	72.588190914	65.933056225	73.292026775
4000000	sorted	prepare	0.001375377	0.001350008	0.001586972
4000000	sorted	gather-view	49.962390909	49.674671333	65.064671727
