rows	order	endpoint	median_bytes	minimum_bytes	maximum_bytes
1000000	both-shuffled	prepare	13704.06	13560.058	13704.065
1000000	both-shuffled	gather-view	48816105.529	48816085.668	48816155.404
1000000	both-shuffled	deep-materialized	73446185.556	73437400.844	73446897.298
1000000	both-shuffled	matched-consumption	73448485.943	73448056.0	73460933.333
1000000	right-shuffled	prepare	13752.059	13608.058	13752.071
1000000	right-shuffled	gather-view	48816126.031	48816098.606	48816127.832
1000000	right-shuffled	deep-materialized	73446008.657	73437053.964	73447562.21
1000000	right-shuffled	matched-consumption	73451215.886	73449152.143	73452937.143
1000000	sorted	prepare	13336.059	13336.057	13336.062
1000000	sorted	gather-view	32008066.899	32008056.28	32008080.048
1000000	sorted	deep-materialized	56511745.231	56511727.508	56511745.723
1000000	sorted	matched-consumption	56512460.822	56512437.311	56512691.4
4000000	both-shuffled	prepare	13560.162	13560.061	13704.058
4000000	both-shuffled	gather-view	195163945.629	195163853.2	195164387.886
4000000	both-shuffled	deep-materialized	293321176.0	293321152.0	293328772.8
4000000	both-shuffled	matched-consumption	293330006.4	293328497.6	293330052.8
4000000	right-shuffled	prepare	13752.058	13608.06	13752.078
4000000	right-shuffled	gather-view	195164319.771	195163828.2	195164343.886
4000000	right-shuffled	deep-materialized	293321185.6	293321176.8	293331622.4
4000000	right-shuffled	matched-consumption	293329995.2	293319621.6	293330091.2
4000000	sorted	prepare	13336.057	13192.058	13336.079
4000000	sorted	gather-view	96010550.473	96010543.709	96011146.194
4000000	sorted	deep-materialized	194017484.8	194017480.533	194017484.8
4000000	sorted	matched-consumption	194020893.6	194020890.4	194020893.6
