rows	order	stage	median_milliseconds
1000	both-shuffled	build	0.071250
1000	both-shuffled	checksum	0.109417
1000	both-shuffled	decode	0.055167
1000	both-shuffled	materialize	0.009667
1000	both-shuffled	probe	0.132709
1000	right-shuffled	build	0.070792
1000	right-shuffled	checksum	0.109667
1000	right-shuffled	decode	0.059375
1000	right-shuffled	materialize	0.009875
1000	right-shuffled	probe	0.177083
1000	sorted	build	0.079833
1000	sorted	checksum	0.989000
1000	sorted	decode	0.065959
1000	sorted	materialize	0.014791
1000	sorted	probe	0.246125
256000	both-shuffled	build	2.252333
256000	both-shuffled	checksum	9.031042
256000	both-shuffled	decode	0.697709
256000	both-shuffled	materialize	0.044459
256000	both-shuffled	probe	2.118125
256000	right-shuffled	build	2.727750
256000	right-shuffled	checksum	9.163833
256000	right-shuffled	decode	0.897834
256000	right-shuffled	materialize	0.061584
256000	right-shuffled	probe	2.212583
256000	sorted	build	2.352792
256000	sorted	checksum	7.067334
256000	sorted	decode	0.662583
256000	sorted	materialize	0.051541
256000	sorted	probe	2.241500
1000000	both-shuffled	build	11.750625
1000000	both-shuffled	checksum	97.281667
1000000	both-shuffled	decode	0.633709
1000000	both-shuffled	materialize	0.051291
1000000	both-shuffled	probe	13.044125
1000000	right-shuffled	build	12.000666
1000000	right-shuffled	checksum	95.640542
1000000	right-shuffled	decode	1.260083
1000000	right-shuffled	materialize	0.065166
1000000	right-shuffled	probe	12.761458
1000000	sorted	build	13.987250
1000000	sorted	checksum	29.149209
1000000	sorted	decode	1.614417
1000000	sorted	materialize	0.064417
1000000	sorted	probe	14.604375
4000000	both-shuffled	build	66.297375
4000000	both-shuffled	checksum	466.058042
4000000	both-shuffled	decode	2.321583
4000000	both-shuffled	materialize	0.084584
4000000	both-shuffled	probe	68.904875
4000000	right-shuffled	build	68.113000
4000000	right-shuffled	checksum	475.858709
4000000	right-shuffled	decode	2.277166
4000000	right-shuffled	materialize	0.079042
4000000	right-shuffled	probe	67.827750
4000000	sorted	build	69.251917
4000000	sorted	checksum	102.624916
4000000	sorted	decode	2.265375
4000000	sorted	materialize	0.084792
4000000	sorted	probe	71.538916
