rows	order	milliseconds	nanoseconds_per_row	allocation_bytes
1000	both-shuffled	0.006837140	6.837140	52176.402
1000	right-shuffled	0.006545810	6.545810	52200.383
1000	sorted	0.006805110	6.805110	52176.402
256000	both-shuffled	4.228093502	16.515990	12393501.263
256000	right-shuffled	4.311696513	16.842565	12393503.421
256000	sorted	2.421368598	9.458471	8198605.355
1000000	both-shuffled	19.927424031	19.927424	48785599.138
1000000	right-shuffled	20.156522243	20.156522	48785600.300
1000000	sorted	9.414971984	9.414972	32007924.852
4000000	both-shuffled	127.987604130	31.996901	195122113.680
4000000	right-shuffled	130.622947850	32.655737	195123349.200
4000000	sorted	37.719122029	9.429781	128009533.714
