rows	order	milliseconds	nanoseconds_per_row	minimum_ms	maximum_ms
1000	sorted	0.06115700267628199	61.15700267628199	0.058442403314984404	0.06263938405481895
1000	right-shuffled	0.060273824118439734	60.273824118439734	0.058695409165920864	0.06133926905249609
1000	both-shuffled	0.0611865639257303	61.1865639257303	0.060514149879509205	0.07648488383438234
4000	sorted	0.10846145630694082	27.115364076735204	0.09566910813418872	0.16523407981594573
4000	right-shuffled	0.10986585476757682	27.466463691894205	0.10647212741332623	0.1284761249848998
4000	both-shuffled	0.10951822895322039	27.379557238305097	0.10836608885256283	0.11308047487545991
16000	sorted	0.30118375684651255	18.823984802907034	0.2956948651444691	0.3784442540109012
16000	right-shuffled	0.3139626876418333	19.622667977614583	0.30104398615549144	0.32386153202423884
16000	both-shuffled	0.30790490723120456	19.244056701950285	0.3019041748757445	0.3218020428903401
64000	sorted	1.1836804997074069	18.495007807928232	1.1629986956904759	1.2681188127317
64000	right-shuffled	1.229144043463748	19.20537567912106	1.1737078430087422	1.271926757908659
64000	both-shuffled	1.234716309227224	19.292442331675375	1.1937024719372857	1.3156982422515284
256000	sorted	8.160005221725442	31.875020397365006	7.3583867197157815	9.163148431980517
256000	right-shuffled	8.279485693492461	32.341740990204926	7.064467441523448	9.226707035850268
256000	both-shuffled	8.541424485883908	33.36493939798402	7.44685026438674	11.37281706178328
1000000	sorted	50.42160412995145	50.42160412995145	48.340614477638155	57.63854688848369
1000000	right-shuffled	50.884942727861926	50.884942727861926	48.11554160551168	56.62945311632939
1000000	both-shuffled	52.829546883003786	52.829546883003786	49.05041673919186	55.81532287760638
4000000	sorted	281.7968330346048	70.4492082586512	261.2288340460509	332.10966689512134
4000000	right-shuffled	358.41791587881744	89.60447896970436	323.63212504424155	508.01554205827415
4000000	both-shuffled	267.1405419241637	66.78513548104092	258.82524996995926	289.4690418615937
