benchmark,loops_per_sample,samples,median_ms,min_ms,max_ms,frame4s_ms,pandas_over_frame4s
primitiveMaterializedProjection,4096,9,0.10032573459284322,0.0986215210048158,0.10128596997560635,0.0015074280177322249,66.55424565066349
fusedFilterProjectArithmetic,1024,9,0.2824884853680487,0.27479130073970737,0.2908552655753738,0.006545020529736001,43.16082494846554
groupedLowCardinalitySumOnly,2048,9,0.18963153075901573,0.18817651368863153,0.19239408396742874,0.008799691482321901,21.54979309672107
groupedLowCardinality,512,9,0.6388122558291798,0.6282914237090154,0.6611768396851403,0.01617496083408342,39.4938981541824
joinOneToOne,2048,9,0.15882806394529325,0.15396040822679424,0.17200183106069744,0.10447907671801074,1.5201901561014992
joinOneToMany,2048,9,0.209526814956007,0.19735742188231598,0.2708921308567369,0.09830199800773229,2.1314603894371094
joinSparse,2048,9,0.19168442821637655,0.18543693016681573,0.1958050127086608,0.015528639651534382,12.343929186188324
joinSkewed,2048,9,0.19980853272727472,0.18886694334696585,0.20541719578659468,0.09446302681009033,2.1152035825505817
distinctLowCardinality,2048,9,0.20158803272352088,0.20122385643617235,0.2045310874336792,0.08485086261504206,2.3757923786597317
semiJoinSparse,4096,9,0.08235942578949107,0.08168575047307058,0.08287165331921642,0.010565072495870275,7.795443507054411
antiJoinSparse,4096,9,0.09729241944000933,0.09547158813916212,0.09964719652089116,0.04132032564979899,2.354589851604488
unionAll,8192,9,0.0200229644775618,0.019763127696137417,0.02037272130905876,0.012815442369689622,1.5624091545149477
