rows	order	baseline_ms	candidate_ms	speedup	baseline_allocation_bytes	candidate_allocation_bytes	allocation_ratio	gate
1000	both-shuffled	0.006849	0.006837	1.002	52120	52176	1.001	pass
1000	right-shuffled	0.010201	0.006546	1.558	52121	52200	1.002	pass
1000	sorted	0.007431	0.006805	1.092	52121	52176	1.001	pass
256000	both-shuffled	4.432439	4.228094	1.048	12392884	12393501	1.000	pass
256000	right-shuffled	5.725688	4.311697	1.328	12393150	12393503	1.000	pass
256000	sorted	5.466154	2.421369	2.258	12393069	8198605	0.662	pass
1000000	both-shuffled	28.701725	19.927424	1.440	48785394	48785599	1.000	pass
1000000	right-shuffled	23.263375	20.156522	1.154	48785119	48785600	1.000	pass
1000000	sorted	27.404064	9.414972	2.911	48785400	32007925	0.656	pass
4000000	both-shuffled	152.515383	127.987604	1.192	195122723	195122114	1.000	pass
4000000	right-shuffled	136.390254	130.622948	1.044	195122752	195123349	1.000	pass
4000000	sorted	163.661867	37.719122	4.339	195122841	128009534	0.656	pass
