rows	workload	endpoint	milliseconds	allocation_bytes
1000	aligned-unique	deep-materialized	0.039006322	78618.185
1000	aligned-unique	gather-view	0.014454944	52258.069
1000	aligned-unique	matched-consumption	0.065583742	78834.069
1000	disjoint-sorted	deep-materialized	0.011561102	53857.375
1000	disjoint-sorted	gather-view	0.011513357	52313.630
1000	disjoint-sorted	matched-consumption	0.012554929	53842.812
1000	duplicate-groups	deep-materialized	0.068563198	131568.856
1000	duplicate-groups	gather-view	0.022677377	80495.233
1000	duplicate-groups	matched-consumption	0.122979768	132032.366
1000	fully-shuffled	deep-materialized	0.035549303	78621.153
1000	fully-shuffled	gather-view	0.015694329	52233.831
1000	fully-shuffled	matched-consumption	0.064841481	78753.237
1000	interleaved-gaps	deep-materialized	0.020502926	62207.043
1000	interleaved-gaps	gather-view	0.012484591	52313.620
1000	interleaved-gaps	matched-consumption	0.043000844	62600.258
1000	late-inversion	deep-materialized	0.036581805	78591.428
1000	late-inversion	gather-view	0.012770284	52313.641
1000	late-inversion	matched-consumption	0.065443356	78767.682
1000	multibatch-sorted	deep-materialized	0.043714071	99726.027
1000	multibatch-sorted	gather-view	0.027739301	73419.963
1000	multibatch-sorted	matched-consumption	0.068557452	99845.916
1000	nullable-key	deep-materialized	0.039375674	79443.725
1000	nullable-key	gather-view	0.013739397	53369.683
1000	nullable-key	matched-consumption	0.064968501	79630.080
1000	offset-unique	deep-materialized	0.030732012	72305.585
1000	offset-unique	gather-view	0.018196124	52242.305
1000	offset-unique	matched-consumption	0.058909176	72644.106
1000	sparse-sorted	deep-materialized	0.008710749	24024.813
1000	sparse-sorted	gather-view	0.005541635	19864.762
1000	sparse-sorted	matched-consumption	0.010901959	24181.037
4000	aligned-unique	deep-materialized	0.139952427	297732.956
4000	aligned-unique	gather-view	0.047759571	197398.101
4000	aligned-unique	matched-consumption	0.232138639	298576.862
4000	disjoint-sorted	deep-materialized	0.045500387	198909.519
4000	disjoint-sorted	gather-view	0.042069750	197373.060
4000	disjoint-sorted	matched-consumption	0.038093326	198933.543
4000	duplicate-groups	deep-materialized	0.267764911	509376.657
4000	duplicate-groups	gather-view	0.083036420	310231.482
4000	duplicate-groups	matched-consumption	0.473291424	510394.722
4000	fully-shuffled	deep-materialized	0.138218808	297599.599
4000	fully-shuffled	gather-view	0.059953274	197399.061
4000	fully-shuffled	matched-consumption	0.253700661	298982.114
4000	interleaved-gaps	deep-materialized	0.073327950	232090.717
4000	interleaved-gaps	gather-view	0.066036850	197416.698
4000	interleaved-gaps	matched-consumption	0.105084852	232897.635
4000	late-inversion	deep-materialized	0.133921030	297850.130
4000	late-inversion	gather-view	0.046424877	197470.170
4000	late-inversion	matched-consumption	0.229257313	298820.926
4000	multibatch-sorted	deep-materialized	0.153624526	366843.629
4000	multibatch-sorted	gather-view	0.060229780	266576.373
4000	multibatch-sorted	matched-consumption	0.304044848	367651.269
4000	nullable-key	deep-materialized	0.158122037	299309.979
4000	nullable-key	gather-view	0.048819394	199027.832
4000	nullable-key	matched-consumption	0.296122614	300038.583
4000	offset-unique	deep-materialized	0.114328311	272898.469
4000	offset-unique	gather-view	0.054007718	197471.439
4000	offset-unique	matched-consumption	0.182780044	273841.530
4000	sparse-sorted	deep-materialized	0.026380527	79658.285
4000	sparse-sorted	gather-view	0.019166711	68066.435
4000	sparse-sorted	matched-consumption	0.040950039	79815.468
16000	aligned-unique	deep-materialized	0.555570088	1174227.188
16000	aligned-unique	gather-view	0.258193465	778720.119
16000	aligned-unique	matched-consumption	0.977027018	1175768.418
16000	disjoint-sorted	deep-materialized	0.141919690	779962.984
16000	disjoint-sorted	gather-view	0.257906099	778696.963
16000	disjoint-sorted	matched-consumption	0.144779695	779985.406
16000	duplicate-groups	deep-materialized	1.086526001	2018954.485
16000	duplicate-groups	gather-view	0.336010765	1230006.588
16000	duplicate-groups	matched-consumption	1.907340097	2019321.674
16000	fully-shuffled	deep-materialized	0.575160709	1174469.099
16000	fully-shuffled	gather-view	0.348534750	778593.887
16000	fully-shuffled	matched-consumption	1.046225164	1175846.276
16000	interleaved-gaps	deep-materialized	0.302628218	911910.336
16000	interleaved-gaps	gather-view	0.228043327	778592.420
16000	interleaved-gaps	matched-consumption	0.412522625	912603.447
16000	late-inversion	deep-materialized	0.547995910	1174147.492
16000	late-inversion	gather-view	0.199682955	778460.871
16000	late-inversion	matched-consumption	0.949871555	1175720.232
16000	multibatch-sorted	deep-materialized	0.606472005	1434574.117
16000	multibatch-sorted	gather-view	0.251897174	1039739.821
16000	multibatch-sorted	matched-consumption	1.166537825	1436761.475
16000	nullable-key	deep-materialized	0.653624388	1179058.554
16000	nullable-key	gather-view	0.230037832	783371.426
16000	nullable-key	matched-consumption	1.269603767	1180417.301
16000	offset-unique	deep-materialized	0.478337611	1076014.998
16000	offset-unique	gather-view	0.222925910	778714.741
16000	offset-unique	matched-consumption	0.782448984	1077319.172
16000	sparse-sorted	deep-materialized	0.105584967	301970.820
16000	sparse-sorted	gather-view	0.086097657	260651.204
16000	sparse-sorted	matched-consumption	0.155014728	302766.685
64000	aligned-unique	deep-materialized	2.339065906	3626745.867
64000	aligned-unique	gather-view	1.011414746	2054231.827
64000	aligned-unique	matched-consumption	3.845523940	3626858.667
64000	disjoint-sorted	deep-materialized	0.593881852	2056243.455
64000	disjoint-sorted	gather-view	0.567866790	2053666.345
64000	disjoint-sorted	matched-consumption	0.643570388	2056440.530
64000	duplicate-groups	deep-materialized	2.361546445	6221907.415
64000	duplicate-groups	gather-view	1.643623830	3079376.065
64000	duplicate-groups	matched-consumption	5.341718569	6222110.867
64000	fully-shuffled	deep-materialized	2.858692338	4675278.935
64000	fully-shuffled	gather-view	0.855959531	3103074.490
64000	fully-shuffled	matched-consumption	5.882625999	4675383.002
64000	interleaved-gaps	deep-materialized	1.273479502	2581034.097
64000	interleaved-gaps	gather-view	0.703322094	2054103.657
64000	interleaved-gaps	matched-consumption	1.884850754	2581259.558
64000	late-inversion	deep-materialized	2.796363396	4675193.477
64000	late-inversion	gather-view	1.307614403	3103559.083
64000	late-inversion	matched-consumption	4.703391006	4675272.138
64000	multibatch-sorted	deep-materialized	2.473014789	4145191.674
64000	multibatch-sorted	gather-view	0.792181141	2570438.139
64000	multibatch-sorted	matched-consumption	4.170300721	4147404.689
64000	nullable-key	deep-materialized	2.974992389	4691751.277
64000	nullable-key	gather-view	1.304222396	3120168.249
64000	nullable-key	matched-consumption	4.725812460	4691845.502
64000	offset-unique	deep-materialized	1.843087768	3234560.670
64000	offset-unique	gather-view	0.714857361	2053975.391
64000	offset-unique	matched-consumption	3.087418164	3234799.914
64000	sparse-sorted	deep-materialized	0.663774922	1192734.114
64000	sparse-sorted	gather-view	0.543965272	1032334.992
64000	sparse-sorted	matched-consumption	0.908950084	1193476.653
256000	aligned-unique	deep-materialized	5.728581885	14481141.177
256000	aligned-unique	gather-view	3.130160414	8199846.812
256000	aligned-unique	matched-consumption	11.270562311	14481455.431
256000	disjoint-sorted	deep-materialized	2.665338184	8202786.405
256000	disjoint-sorted	gather-view	2.350262861	8199630.182
256000	disjoint-sorted	matched-consumption	2.147367997	8202606.980
256000	duplicate-groups	deep-materialized	9.992596254	24855354.280
256000	duplicate-groups	gather-view	5.674735539	12296113.912
256000	duplicate-groups	matched-consumption	20.551674983	24856084.400
256000	fully-shuffled	deep-materialized	14.479697446	18723677.937
256000	fully-shuffled	gather-view	4.610900330	12405174.527
256000	fully-shuffled	matched-consumption	16.582145513	18723376.940
256000	interleaved-gaps	deep-materialized	3.962822892	10295843.430
256000	interleaved-gaps	gather-view	2.924070966	8199819.787
256000	interleaved-gaps	matched-consumption	5.428290056	10295929.419
256000	late-inversion	deep-materialized	14.626673119	18723529.441
256000	late-inversion	gather-view	4.975000804	12405425.189
256000	late-inversion	matched-consumption	17.037733351	18723387.672
256000	multibatch-sorted	deep-materialized	6.754770542	16538582.083
256000	multibatch-sorted	gather-view	4.250828346	10255882.733
256000	multibatch-sorted	matched-consumption	11.349515335	16538999.657
256000	nullable-key	deep-materialized	14.516916655	18785978.839
256000	nullable-key	gather-view	5.126084259	12469990.777
256000	nullable-key	matched-consumption	17.230677363	18787962.464
256000	offset-unique	deep-materialized	4.506883442	12911522.523
256000	offset-unique	gather-view	3.052812546	8199841.102
256000	offset-unique	matched-consumption	9.131381392	12911838.269
256000	sparse-sorted	deep-materialized	2.816880903	4221994.249
256000	sparse-sorted	gather-view	1.717963991	3591397.917
256000	sparse-sorted	matched-consumption	2.995991198	4221991.854
1000000	aligned-unique	deep-materialized	42.401060653	56537154.134
1000000	aligned-unique	gather-view	12.692053185	32008824.523
1000000	aligned-unique	matched-consumption	42.576905567	56536600.800
1000000	disjoint-sorted	deep-materialized	15.053011848	32011847.359
1000000	disjoint-sorted	gather-view	10.543250000	32008571.519
1000000	disjoint-sorted	matched-consumption	8.777117764	32011192.536
1000000	duplicate-groups	deep-materialized	41.747847360	97037700.525
1000000	duplicate-groups	gather-view	25.376839665	48010235.755
1000000	duplicate-groups	matched-consumption	81.258028700	97040298.311
1000000	fully-shuffled	deep-materialized	71.197789421	73505813.524
1000000	fully-shuffled	gather-view	24.988207937	48828898.091
1000000	fully-shuffled	matched-consumption	89.800852800	73505802.133
1000000	interleaved-gaps	deep-materialized	17.357427956	40186200.336
1000000	interleaved-gaps	gather-view	13.156373236	32008834.523
1000000	interleaved-gaps	matched-consumption	21.376639418	40186844.296
1000000	late-inversion	deep-materialized	43.815263949	73474646.200
1000000	late-inversion	gather-view	22.763428952	48828825.600
1000000	late-inversion	matched-consumption	66.466496048	73489281.524
1000000	multibatch-sorted	deep-materialized	21.473838490	64544895.495
1000000	multibatch-sorted	gather-view	20.329187134	40018975.559
1000000	multibatch-sorted	matched-consumption	41.710280567	64546110.933
1000000	nullable-key	deep-materialized	45.540523315	73723638.163
1000000	nullable-key	gather-view	23.934931107	49079705.422
1000000	nullable-key	matched-consumption	69.210251667	73751005.079
1000000	offset-unique	deep-materialized	19.325060722	50404241.143
1000000	offset-unique	gather-view	12.598143718	32008761.725
1000000	offset-unique	matched-consumption	35.597124896	50405229.677
1000000	sparse-sorted	deep-materialized	8.238790234	16463938.160
1000000	sparse-sorted	gather-view	6.921280185	14008167.970
1000000	sparse-sorted	matched-consumption	9.898979952	16464031.114
