rows	workload	endpoint	r5k3_ms	r5k4_ms	time_ratio	r5k3_allocation_bytes	r5k4_allocation_bytes	allocation_ratio
1000	aligned-unique	deep-materialized	0.045371974	0.040633333	0.895560	78601.838	78559.063	0.999456
1000	aligned-unique	gather-view	0.010157807	0.009966917	0.981208	52273.284	52313.221	1.000764
1000	aligned-unique	matched-consumption	0.071051451	0.062464828	0.879149	78716.959	78742.813	1.000328
1000	disjoint-sorted	deep-materialized	0.012712142	0.011112881	0.874194	53774.377	53803.142	1.000535
1000	disjoint-sorted	gather-view	0.007477073	0.009906412	1.324905	52232.810	52233.245	1.000008
1000	disjoint-sorted	matched-consumption	0.008210582	0.012522163	1.525125	53760.704	53844.617	1.001561
1000	duplicate-groups	deep-materialized	0.065632515	0.069234886	1.054887	131502.284	131495.822	0.999951
1000	duplicate-groups	gather-view	0.015693354	0.017828020	1.136024	80489.756	80570.036	1.000997
1000	duplicate-groups	matched-consumption	0.116216921	0.125770105	1.082201	131752.008	132396.551	1.004892
1000	fully-shuffled	deep-materialized	0.045180304	0.037232812	0.824094	78592.118	78511.722	0.998977
1000	fully-shuffled	gather-view	0.008936219	0.011290867	1.263495	52257.087	52241.368	0.999699
1000	fully-shuffled	matched-consumption	0.072150114	0.060715529	0.841517	78775.344	78620.579	0.998035
1000	interleaved-gaps	deep-materialized	0.025851354	0.020887833	0.807998	62283.153	62287.298	1.000067
1000	interleaved-gaps	gather-view	0.008694181	0.010052593	1.156244	52233.000	52233.229	1.000004
1000	interleaved-gaps	matched-consumption	0.030945339	0.028799000	0.930641	62258.238	62269.095	1.000174
1000	late-inversion	deep-materialized	0.043687721	0.038495880	0.881160	78630.713	78624.264	0.999918
1000	late-inversion	gather-view	0.009881329	0.010406861	1.053184	52313.137	52233.356	0.998475
1000	late-inversion	matched-consumption	0.077736133	0.059201262	0.761567	78756.315	78706.017	0.999361
1000	multibatch-sorted	deep-materialized	0.052728668	0.045144617	0.856168	99773.876	99730.463	0.999565
1000	multibatch-sorted	gather-view	0.011607101	0.015047185	1.296378	73441.242	73417.949	0.999683
1000	multibatch-sorted	matched-consumption	0.075143102	0.067308804	0.895742	99969.568	99824.101	0.998545
1000	nullable-key	deep-materialized	0.053887125	0.042814555	0.794523	79577.543	79395.282	0.997710
1000	nullable-key	gather-view	0.009297989	0.010912628	1.173655	53209.097	53145.393	0.998803
1000	nullable-key	matched-consumption	0.075871726	0.065055102	0.857435	79664.826	79452.135	0.997330
1000	offset-unique	deep-materialized	0.045969925	0.029895045	0.650317	72539.414	72470.126	0.999045
1000	offset-unique	gather-view	0.008472667	0.011067732	1.306287	52312.925	52313.445	1.000010
1000	offset-unique	matched-consumption	0.057343440	0.047865294	0.834713	72613.594	72472.231	0.998053
1000	sparse-sorted	deep-materialized	0.009307271	0.008137528	0.874319	24109.923	24033.906	0.996847
1000	sparse-sorted	gather-view	0.003545724	0.004263589	1.202459	19864.390	19864.545	1.000008
1000	sparse-sorted	matched-consumption	0.011547025	0.010672950	0.924303	24097.173	24036.990	0.997502
4000	aligned-unique	deep-materialized	0.132741230	0.147363545	1.110157	297625.231	297818.483	1.000649
4000	aligned-unique	gather-view	0.030965433	0.039903947	1.288661	197395.471	197389.429	0.999969
4000	aligned-unique	matched-consumption	0.244725921	0.239069061	0.976885	298295.535	298540.498	1.000821
4000	disjoint-sorted	deep-materialized	0.054479391	0.045605688	0.837118	198917.031	198956.912	1.000200
4000	disjoint-sorted	gather-view	0.025615653	0.030393393	1.186516	197467.795	197387.462	0.999593
4000	disjoint-sorted	matched-consumption	0.027332873	0.038534160	1.409810	198898.057	198918.000	1.000100
4000	duplicate-groups	deep-materialized	0.347301928	0.296633285	0.854108	509393.647	510050.545	1.001290
4000	duplicate-groups	gather-view	0.059827962	0.061390838	1.026123	310225.217	310246.271	1.000068
4000	duplicate-groups	matched-consumption	0.552714785	0.452474372	0.818640	510058.026	510475.651	1.000819
4000	fully-shuffled	deep-materialized	0.141889119	0.124656000	0.878545	297630.042	297634.122	1.000014
4000	fully-shuffled	gather-view	0.039559613	0.037681833	0.952533	197412.382	197397.026	0.999922
4000	fully-shuffled	matched-consumption	0.227743684	0.225954817	0.992145	298192.662	298531.740	1.001137
4000	interleaved-gaps	deep-materialized	0.091055549	0.074911655	0.822703	232103.529	232185.143	1.000352
4000	interleaved-gaps	gather-view	0.028436396	0.034112439	1.199605	197467.049	197467.917	1.000004
4000	interleaved-gaps	matched-consumption	0.098073801	0.100601306	1.025771	232227.064	232307.019	1.000344
4000	late-inversion	deep-materialized	0.133145861	0.125606193	0.943373	297765.470	297646.375	0.999600
4000	late-inversion	gather-view	0.035276943	0.037409826	1.060461	197468.211	197389.030	0.999599
4000	late-inversion	matched-consumption	0.229503951	0.223738155	0.974877	298299.624	298416.773	1.000393
4000	multibatch-sorted	deep-materialized	0.156037396	0.141401446	0.906202	366991.239	366900.793	0.999754
4000	multibatch-sorted	gather-view	0.037600183	0.051301212	1.364387	266595.802	266572.321	0.999912
4000	multibatch-sorted	matched-consumption	0.259170834	0.242932927	0.937347	367439.414	367430.931	0.999977
4000	nullable-key	deep-materialized	0.205012716	0.151032244	0.736697	299674.167	299264.945	0.998634
4000	nullable-key	gather-view	0.032535389	0.039707226	1.220432	199051.709	199276.725	1.001130
4000	nullable-key	matched-consumption	0.298184685	0.250194292	0.839058	300096.982	299797.405	0.999002
4000	offset-unique	deep-materialized	0.109575129	0.130047719	1.186836	273040.870	273028.957	0.999956
4000	offset-unique	gather-view	0.030510378	0.037385063	1.225323	197387.402	197428.419	1.000208
4000	offset-unique	matched-consumption	0.179798561	0.178662777	0.993683	273580.369	273895.918	1.001153
4000	sparse-sorted	deep-materialized	0.032462201	0.026410695	0.813583	79706.439	79635.736	0.999113
4000	sparse-sorted	gather-view	0.013257878	0.014792105	1.115722	68121.435	68081.671	0.999416
4000	sparse-sorted	matched-consumption	0.040015721	0.037226150	0.930288	79774.000	79689.290	0.998938
16000	aligned-unique	deep-materialized	0.731916455	0.612738062	0.837169	1174400.599	1174335.277	0.999944
16000	aligned-unique	gather-view	0.142396439	0.147910007	1.038720	778239.974	778383.937	1.000185
16000	aligned-unique	matched-consumption	1.205482245	0.915617580	0.759545	1175415.323	1175580.693	1.000141
16000	disjoint-sorted	deep-materialized	0.169898517	0.210355305	1.238123	779963.985	780345.945	1.000490
16000	disjoint-sorted	gather-view	0.111206302	0.150752789	1.355614	778163.140	778383.996	1.000284
16000	disjoint-sorted	matched-consumption	0.127560046	0.147463572	1.156033	779830.592	779818.307	0.999984
16000	duplicate-groups	deep-materialized	1.466441594	1.094867893	0.746615	2018661.958	2018996.678	1.000166
16000	duplicate-groups	gather-view	0.232526253	0.292884644	1.259577	1229781.878	1229917.398	1.000110
16000	duplicate-groups	matched-consumption	2.112040577	1.699616353	0.804727	2018910.998	2019255.912	1.000171
16000	fully-shuffled	deep-materialized	0.704660403	0.527419542	0.748473	1174351.282	1174262.267	0.999924
16000	fully-shuffled	gather-view	0.123923538	0.170527077	1.376067	778176.959	778307.833	1.000168
16000	fully-shuffled	matched-consumption	1.180013659	0.857123563	0.726367	1175348.096	1175440.096	1.000078
16000	interleaved-gaps	deep-materialized	0.262952007	0.344693391	1.310860	911670.972	912091.490	1.000461
16000	interleaved-gaps	gather-view	0.112998816	0.148493311	1.314114	778173.725	778182.737	1.000012
16000	interleaved-gaps	matched-consumption	0.410015447	0.395388048	0.964325	912473.798	912562.087	1.000097
16000	late-inversion	deep-materialized	0.720238094	0.511627139	0.710358	1174405.465	1174155.382	0.999787
16000	late-inversion	gather-view	0.123104087	0.161742203	1.313865	778173.831	778266.565	1.000119
16000	late-inversion	matched-consumption	1.033093080	0.862375641	0.834751	1175273.741	1175569.469	1.000252
16000	multibatch-sorted	deep-materialized	0.846315261	0.578022024	0.682987	1434518.717	1434641.661	1.000086
16000	multibatch-sorted	gather-view	0.151943882	0.272124211	1.790952	1039540.451	1039813.659	1.000263
16000	multibatch-sorted	matched-consumption	1.438938785	0.955335557	0.663917	1436864.320	1436110.859	0.999476
16000	nullable-key	deep-materialized	0.751487669	0.706319257	0.939895	1178876.077	1179190.318	1.000267
16000	nullable-key	gather-view	0.151684475	0.231416425	1.525643	783147.423	783421.598	1.000350
16000	nullable-key	matched-consumption	1.453048312	1.010199621	0.695228	1180023.700	1180169.284	1.000123
16000	offset-unique	deep-materialized	0.602429275	0.566279911	0.939994	1076024.202	1076509.574	1.000451
16000	offset-unique	gather-view	0.122008602	0.161560694	1.324175	778218.689	778372.724	1.000198
16000	offset-unique	matched-consumption	0.875289502	0.745632091	0.851869	1076883.412	1077103.919	1.000205
16000	sparse-sorted	deep-materialized	0.096690434	0.118797631	1.228639	301893.598	302163.869	1.000895
16000	sparse-sorted	gather-view	0.048203720	0.072295702	1.499795	260661.104	260627.747	0.999872
16000	sparse-sorted	matched-consumption	0.184003903	0.136964269	0.744355	302292.442	302164.129	0.999576
64000	aligned-unique	deep-materialized	2.927101624	2.296449680	0.784547	3626334.174	3626733.345	1.000110
64000	aligned-unique	gather-view	0.634595492	0.731239062	1.152292	2053838.458	2054024.943	1.000091
64000	aligned-unique	matched-consumption	4.420833307	3.695244759	0.835871	3626425.953	3626839.689	1.000114
64000	disjoint-sorted	deep-materialized	0.551888715	0.520364746	0.942880	2055937.407	2056327.779	1.000190
64000	disjoint-sorted	gather-view	0.511072820	0.569059435	1.113461	2053536.408	2053730.205	1.000094
64000	disjoint-sorted	matched-consumption	0.508690162	0.518350123	1.018990	2055688.635	2056028.228	1.000165
64000	duplicate-groups	deep-materialized	5.828950502	2.187882907	0.375348	6218573.576	6221856.789	1.000528
64000	duplicate-groups	gather-view	1.528153969	1.404354798	0.918988	3079290.589	3079300.600	1.000003
64000	duplicate-groups	matched-consumption	9.343875281	5.231438027	0.559879	6218811.648	6222121.848	1.000532
64000	fully-shuffled	deep-materialized	3.275283398	2.679514336	0.818102	4674821.344	4675256.001	1.000093
64000	fully-shuffled	gather-view	0.729545583	1.038634734	1.423674	3102603.649	3103291.419	1.000222
64000	fully-shuffled	matched-consumption	5.173622872	3.892082828	0.752293	4674929.176	4675326.546	1.000085
64000	interleaved-gaps	deep-materialized	1.438556016	1.269578446	0.882537	2580582.874	2581006.346	1.000164
64000	interleaved-gaps	gather-view	0.618585122	0.813283044	1.314747	2053814.762	2054035.655	1.000108
64000	interleaved-gaps	matched-consumption	2.271177236	1.714018513	0.754683	2580898.103	2581166.862	1.000104
64000	late-inversion	deep-materialized	3.337303122	2.720314847	0.815124	4674733.929	4675163.944	1.000092
64000	late-inversion	gather-view	0.804698331	1.050740050	1.305756	3102716.719	3103343.875	1.000202
64000	late-inversion	matched-consumption	5.602418659	3.993970662	0.712901	4674886.586	4675239.406	1.000075
64000	multibatch-sorted	deep-materialized	3.662855698	2.693249431	0.735287	4146330.637	4145784.367	0.999868
64000	multibatch-sorted	gather-view	0.741737516	0.809093479	1.090808	2570437.161	2570441.077	1.000002
64000	multibatch-sorted	matched-consumption	4.617856726	4.052212358	0.877509	4146957.954	4147502.454	1.000131
64000	nullable-key	deep-materialized	2.934129706	3.438180666	1.171789	4691259.348	4691793.545	1.000114
64000	nullable-key	gather-view	1.148711600	1.066003219	0.927999	3119986.901	3119925.920	0.999980
64000	nullable-key	matched-consumption	4.884310920	4.298516202	0.880066	4691380.905	4691828.677	1.000095
64000	offset-unique	deep-materialized	2.388247006	1.778580147	0.744722	3234242.791	3234535.975	1.000091
64000	offset-unique	gather-view	0.621953733	0.788253224	1.267382	2053784.786	2054003.308	1.000106
64000	offset-unique	matched-consumption	3.586950874	2.981591755	0.831233	3234349.438	3234798.985	1.000139
64000	sparse-sorted	deep-materialized	0.711838938	0.765861930	1.075892	1192923.919	1192889.161	0.999971
64000	sparse-sorted	gather-view	0.537990110	0.510947106	0.949733	1032315.294	1032245.210	0.999932
64000	sparse-sorted	matched-consumption	0.849710657	0.824725806	0.970596	1192627.833	1193205.055	1.000484
256000	aligned-unique	deep-materialized	11.158866063	4.135794643	0.370629	14474944.505	14481008.964	1.000419
256000	aligned-unique	gather-view	2.598983169	3.095720167	1.191127	8199770.967	8199866.291	1.000012
256000	aligned-unique	matched-consumption	18.842307860	10.337829552	0.548650	14475462.896	14481509.500	1.000418
256000	disjoint-sorted	deep-materialized	2.252584317	2.202626602	0.977822	8202203.693	8202659.981	1.000056
256000	disjoint-sorted	gather-view	2.003877386	2.117068749	1.056486	8199491.350	8199562.400	1.000009
256000	disjoint-sorted	matched-consumption	2.306490087	2.129126921	0.923103	8202211.157	8202581.712	1.000045
256000	duplicate-groups	deep-materialized	22.111760634	8.535907650	0.386035	24843756.943	24855205.265	1.000461
256000	duplicate-groups	gather-view	5.317689207	5.805121555	1.091662	12296087.863	12296107.176	1.000002
256000	duplicate-groups	matched-consumption	39.741766518	19.414705037	0.488521	24844861.592	24856157.599	1.000455
256000	fully-shuffled	deep-materialized	13.154209108	9.980067981	0.758698	18713074.295	18715993.590	1.000156
256000	fully-shuffled	gather-view	2.462125581	3.372242937	1.369647	12403505.545	12404200.894	1.000056
256000	fully-shuffled	matched-consumption	25.891293947	16.409160128	0.633771	18716318.667	18723364.463	1.000376
256000	interleaved-gaps	deep-materialized	5.733219522	3.464977377	0.604369	10293264.669	10295826.450	1.000249
256000	interleaved-gaps	gather-view	2.453306722	2.765385835	1.127208	8199718.887	8199828.671	1.000013
256000	interleaved-gaps	matched-consumption	8.252589212	5.478501214	0.663852	10293416.275	10295939.109	1.000245
256000	late-inversion	deep-materialized	11.739756296	9.815443638	0.836086	18712472.691	18714367.803	1.000101
256000	late-inversion	gather-view	3.046461901	3.658911966	1.201037	12403971.751	12404636.723	1.000054
256000	late-inversion	matched-consumption	22.921695555	15.497217236	0.676094	18716079.183	18723330.689	1.000387
256000	multibatch-sorted	deep-materialized	9.758869077	4.516173450	0.462776	16532353.305	16538141.351	1.000350
256000	multibatch-sorted	gather-view	2.757836843	3.008673318	1.090954	10254374.812	10255066.495	1.000067
256000	multibatch-sorted	matched-consumption	19.320918611	10.696258821	0.553610	16532866.000	16539020.352	1.000372
256000	nullable-key	deep-materialized	9.627007709	12.049471623	1.251632	18775684.371	18782310.814	1.000353
256000	nullable-key	gather-view	2.934649744	3.786237843	1.290184	12468631.513	12469664.945	1.000083
256000	nullable-key	matched-consumption	17.689518804	16.978451220	0.959803	18780309.328	18788009.421	1.000410
256000	offset-unique	deep-materialized	8.806202484	4.157126521	0.472068	12906763.179	12911571.329	1.000373
256000	offset-unique	gather-view	2.465333966	3.399551730	1.378942	8199725.506	8199877.521	1.000019
256000	offset-unique	matched-consumption	14.398690292	8.550630601	0.593848	12907163.448	12911937.766	1.000370
256000	sparse-sorted	deep-materialized	2.502036311	2.250847713	0.899606	4221507.969	4221928.970	1.000100
256000	sparse-sorted	gather-view	1.587083765	1.679689278	1.058349	3591318.709	3591352.449	1.000009
256000	sparse-sorted	matched-consumption	3.305884279	2.912521383	0.881011	4221524.814	4221980.969	1.000108
1000000	aligned-unique	deep-materialized	45.876316370	17.454106460	0.380460	56513462.519	56534889.635	1.000379
1000000	aligned-unique	gather-view	12.181071138	12.643993654	1.038003	32009010.100	32008731.183	0.999991
1000000	aligned-unique	matched-consumption	79.084777378	39.473155303	0.499125	56515164.800	56536600.970	1.000379
1000000	disjoint-sorted	deep-materialized	8.161683771	8.939923008	1.095353	32010726.098	32011211.476	1.000015
1000000	disjoint-sorted	gather-view	8.014777804	8.556927925	1.067644	32008297.095	32008284.478	1.000000
1000000	disjoint-sorted	matched-consumption	9.443309988	7.905906637	0.837197	32010717.083	32011146.445	1.000013
1000000	duplicate-groups	deep-materialized	103.369294500	34.908744363	0.337709	97016275.733	97036975.419	1.000213
1000000	duplicate-groups	gather-view	21.487948088	24.569223690	1.143396	48009830.035	48010098.985	1.000006
1000000	duplicate-groups	matched-consumption	143.483064889	77.797578667	0.542207	97020111.111	97039829.778	1.000203
1000000	fully-shuffled	deep-materialized	93.419662550	57.449099440	0.614957	73477692.267	73486080.381	1.000114
1000000	fully-shuffled	gather-view	13.438296673	13.618239963	1.013390	48822894.833	48822789.724	0.999998
1000000	fully-shuffled	matched-consumption	118.483674694	64.528349190	0.544618	73479722.000	73503107.429	1.000318
1000000	interleaved-gaps	deep-materialized	19.047736567	12.643286156	0.663768	40178215.810	40186133.184	1.000197
1000000	interleaved-gaps	gather-view	10.107409045	12.127070324	1.199820	32008521.989	32008666.836	1.000005
1000000	interleaved-gaps	matched-consumption	36.633966444	19.806700276	0.540665	40179327.192	40186795.377	1.000186
1000000	late-inversion	deep-materialized	50.203981120	37.645323432	0.749847	73460678.704	73463914.121	1.000044
1000000	late-inversion	gather-view	16.941663753	16.164918682	0.954152	48824612.385	48825175.794	1.000012
1000000	late-inversion	matched-consumption	88.587381944	59.013343286	0.666160	73475196.222	73485589.619	1.000141
1000000	multibatch-sorted	deep-materialized	51.874969921	20.099488580	0.387460	64523052.519	64544658.672	1.000335
1000000	multibatch-sorted	gather-view	11.516941730	13.106288177	1.138001	40018170.535	40018346.573	1.000004
1000000	multibatch-sorted	matched-consumption	76.969467611	38.843459606	0.504661	64524611.556	64546265.697	1.000336
1000000	nullable-key	deep-materialized	45.142662522	44.338479963	0.982186	73707337.333	73720473.244	1.000178
1000000	nullable-key	gather-view	14.674997269	15.326286994	1.044381	49075690.578	49075224.134	0.999990
1000000	nullable-key	matched-consumption	73.036824000	62.699853190	0.858469	73723826.667	73743602.286	1.000268
1000000	offset-unique	deep-materialized	38.013670455	16.262853780	0.427816	50387864.242	50403855.210	1.000317
1000000	offset-unique	gather-view	10.632832347	11.631010021	1.093877	32008551.822	32008590.828	1.000001
1000000	offset-unique	matched-consumption	108.476820067	33.165692299	0.305740	50392473.600	50405503.453	1.000259
1000000	sparse-sorted	deep-materialized	9.709817450	7.821520712	0.805527	16460879.411	16463911.353	1.000184
1000000	sparse-sorted	gather-view	6.480511510	6.490563688	1.001551	14008144.991	14008128.716	0.999999
1000000	sparse-sorted	matched-consumption	12.831502710	9.487135206	0.739363	16461051.957	16463996.238	1.000179
4000000	aligned-unique	deep-materialized	242.401271000	81.379546233	0.335722	194025520.000	194040185.956	1.000076
4000000	aligned-unique	gather-view	76.276659459	56.406008429	0.739492	96015152.965	96013364.667	0.999981
4000000	aligned-unique	matched-consumption	454.431500000	165.778088000	0.364803	194038169.333	194045002.667	1.000035
4000000	disjoint-sorted	deep-materialized	48.327275875	36.504467023	0.755360	96014233.963	96013161.560	0.999989
4000000	disjoint-sorted	gather-view	60.946741848	35.101994856	0.575945	96016194.548	96010871.653	0.999945
4000000	disjoint-sorted	matched-consumption	66.868027447	38.312189642	0.572952	96014055.661	96013304.460	0.999992
4000000	fully-shuffled	deep-materialized	476.501875000	306.818534667	0.643898	293340928.000	293356520.000	1.000053
4000000	fully-shuffled	gather-view	177.143421222	79.592162478	0.449309	195174666.667	195167569.956	0.999964
4000000	fully-shuffled	matched-consumption	806.288013667	406.694076333	0.504403	293625472.000	293367616.000	0.999122
4000000	interleaved-gaps	deep-materialized	125.209548750	62.103057323	0.495993	195794186.000	195815159.302	1.000107
4000000	interleaved-gaps	gather-view	94.377150500	51.704989403	0.547855	163124965.778	163122201.778	0.999983
4000000	interleaved-gaps	matched-consumption	307.698402833	92.808074933	0.301620	195802770.667	195817368.000	1.000075
4000000	late-inversion	deep-materialized	339.737493167	165.831865667	0.488118	293338392.000	293351435.556	1.000044
4000000	late-inversion	gather-view	139.911710694	85.841666667	0.613542	195174476.222	195168891.200	0.999971
4000000	late-inversion	matched-consumption	430.312250333	256.580638667	0.596266	293338064.000	293354917.333	1.000057
4000000	multibatch-sorted	deep-materialized	257.759215167	72.557976175	0.281495	194035130.667	194049388.317	1.000073
4000000	multibatch-sorted	gather-view	93.721139778	59.524440476	0.635123	96024857.156	96023670.810	0.999988
4000000	multibatch-sorted	matched-consumption	331.959111167	172.396412000	0.519330	194035149.333	194054784.889	1.000101
4000000	nullable-key	deep-materialized	222.922277667	188.853351889	0.847171	294326368.000	294352071.111	1.000087
4000000	nullable-key	gather-view	136.561965333	91.902583333	0.672973	196171840.444	196169517.333	0.999988
4000000	nullable-key	matched-consumption	368.153534667	273.760104167	0.743603	294324884.000	294355600.000	1.000104
4000000	offset-unique	deep-materialized	177.069203667	69.832173317	0.394378	169520519.111	169539376.508	1.000111
4000000	offset-unique	gather-view	68.467253619	54.960618000	0.802729	96015022.984	96013323.333	0.999982
4000000	offset-unique	matched-consumption	304.632090500	136.474479139	0.447998	169525545.333	169543060.444	1.000103
4000000	sparse-sorted	deep-materialized	42.221408614	29.769439785	0.705079	65813143.494	65822361.329	1.000140
4000000	sparse-sorted	gather-view	32.566974306	26.259205467	0.806314	56011093.778	56010095.339	0.999982
4000000	sparse-sorted	matched-consumption	59.261464298	39.470000012	0.666031	65814336.905	65822840.267	1.000129
