rows	order	endpoint	frame4s_median_ms	frame4s_min_ms	frame4s_max_ms	pandas_median_ms	pandas_min_ms	pandas_max_ms	polars_1t_median_ms	polars_1t_min_ms	polars_1t_max_ms	polars_default_median_ms	polars_default_min_ms	polars_default_max_ms	f4s_over_pandas_median	f4s_over_pandas_min	f4s_over_pandas_max	f4s_over_polars_1t_median	f4s_over_polars_1t_min	f4s_over_polars_1t_max	f4s_over_polars_default_median	f4s_over_polars_default_min	f4s_over_polars_default_max
1000000	both-shuffled	deep-materialized	112.26597579	86.966594005	204.6256563	46.47463548462838	46.23856773832813	74.87426046282053	79.02159378863871	66.27364578889683	87.39974990021437	25.088554684771225	18.646257813088596	35.71006251149811	2.4279726055818194	1.8712700615750812	2.7329239051597534	1.6939761567909473	1.1005421408939435	2.3412613483862854	5.73019597022866	3.4663851743436145	6.020831467384076
1000000	both-shuffled	matched-consumption	160.78869305	111.783348053	253.09827575	50.247432256583124	45.87172920582816	81.04782295413315	82.77504151919857	69.46705200243741	100.75115622021258	36.1267604312161	19.397062496864237	51.34972385712899	2.436867979217089	1.9838743002510266	5.037038996492016	1.595899234134474	1.3504475020658653	3.6434290567148215	3.131247472671216	3.094197949628808	13.048278613883742
1000000	right-shuffled	deep-materialized	159.78074632	100.653189294	161.459838933	35.91819788562134	32.637171883834526	41.91015099058859	71.75805227598175	71.08905224595219	152.19421876827255	54.36349997762591	18.450786446919665	54.3936874892097	3.8124593336798194	3.0840046328847017	4.495209905774117	1.4158746827255837	1.0498476723565862	2.2500588270153266	2.9374869345215173	1.8514847155798522	8.750837770384335
1000000	right-shuffled	matched-consumption	228.748917967	119.54037104	243.509039633	38.13995310338214	38.05536450818181	61.444531253073364	70.95468754414469	69.6002395125106	209.1419375501573	47.355046874145046	23.905525988084264	87.04194775782526	3.9630709953673873	3.141222599885993	5.997619277269515	1.6847424064213878	1.1643242980600226	3.286611074461641	5.142198259884973	1.3733650741892212	9.568871987214177
1000000	sorted	deep-materialized	119.919706831	94.830801612	317.06033335	2.2525865788338706	2.224864905656432	3.150581702357158	52.17255724710412	51.77719789207913	79.78912501130253	13.997145884786732	11.55554034630768	42.269708384992555	42.623172926547106	38.06271925634563	140.7538943582525	1.8176375975372312	1.5029580386301111	6.1235514137103175	8.206522479262608	2.8370128731140314	22.65178458235601
1000000	sorted	matched-consumption	255.8096069	168.825557705	288.593660953	2.926961913544801	2.8512102817330742	3.7297435010259505	52.76732300990261	52.45480212033726	86.62633324274793	15.831183591217268	11.813959659775719	23.84622131648939	89.71965643463841	45.264656311770686	98.59836563554337	4.84787918560874	1.9488941916993066	5.501758643392333	18.229443129767272	7.079761420659929	21.653164075968785
4000000	both-shuffled	deep-materialized	778.9833418	499.4929957	1005.4599082	288.9998331665993	275.8366670459509	773.6237498465925	489.20641699805856	359.173292061314	578.1600000336766	131.4728750148788	114.99400000320747	145.80631244461983	1.7283504638290157	1.299675596049604	2.824074660350472	1.739068611009814	1.0210270723042913	2.1688231252646166	6.774121621808722	3.799209499628515	6.895859934609442
4000000	both-shuffled	matched-consumption	1498.1039334	660.8847416	1729.2024334	341.60229191184044	289.1215831041336	432.4730830267072	393.2963751722127	371.31033395417035	623.0170829221606	170.36947899032384	117.6418749964796	210.6375830480829	3.4640397106690806	2.285836755957329	5.062034050539294	2.4045952742955077	1.6803733350215047	4.657027492300901	8.209372745248741	5.617767836663406	8.793264745999986
4000000	right-shuffled	deep-materialized	587.6933	531.7759124	962.1298754	277.9062499757856	246.00604141596705	1040.1432081125677	379.8018752131611	353.20474999025464	510.59729093685746	132.1188125293702	102.0756249781698	157.58875000756234	1.913508287223963	0.924997507935345	2.388938485483291	1.6638884386923314	1.40014030236566	1.884322326964678	5.757430337807737	4.024982530642905	6.1053208135341475
4000000	right-shuffled	matched-consumption	1072.1750918	726.4429998	1195.3274334	244.38941711559892	218.7404588330537	1087.1553749311715	390.7610841561109	372.96229181811213	664.3535001203418	154.3910000473261	135.17752091865987	226.07995790895075	3.32102713725417	1.09950009075352	4.387158431221469	1.8590464333694567	1.7992340420927668	2.874754674456159	7.742209280551273	3.213212734640373	7.931607892448021
4000000	sorted	deep-materialized	454.4361042	389.074895733	482.4828751	8.21418227860704	8.0188020656351	11.645328122540377	285.32637492753565	277.57270890288055	420.6957910209894	76.85567723819986	61.713281262200326	99.82193750329316	47.366235924214145	39.02303991936525	60.16894682657149	1.4017044300602794	1.0802012140343167	1.690985893689415	6.277777939613156	4.552467278898569	6.304556940992055
4000000	sorted	matched-consumption	773.6327791	659.224496	897.2349586	11.719729154719971	11.365549471520353	21.656117183738388	303.3094999846071	282.2584589011967	526.4480421319604	72.22844799980521	71.42287498572841	111.98791698552668	56.249123789222196	35.723522020878335	78.94338596196161	2.335534951073897	1.4695330159592082	2.9581498721455626	9.126937020739776	6.908180810256381	12.56229126563841
